14584887621258891555.wav	इतालवी भाषा में उच्चारण करना तुलनात्मक रूप से आसान है क्योंकि ज़्यादातर शब्दों का उच्चारण वैसे ही किया जाता है जैसे उन्हें लिखा जाता है	इतालवी भाषा में उच्चारण करना तुलनात्मक रूप से आसान है क्योंकि ज़्यादातर शब्दों का उच्चारण वैसे ही किया जाता है जैसे उन्हें लिखा जाता है.1
10691214664103820058.wav	इतालवी भाषा में उच्चारण करना तुलनात्मक रूप से आसान है क्योंकि ज़्यादातर शब्दों का उच्चारण वैसे ही किया जाता है जैसे उन्हें लिखा जाता है	इतालवी भाषा में उच्चारण करना तुलनात्मक रूप से आसान है क्योंकि ज़्यादातर शब्दों का उच्चारण वैसे ही किया जाता है जैसे उन्हें लिखा जाता है
2790069619537345490.wav	इतालवी भाषा में उच्चारण करना तुलनात्मक रूप से आसान है क्योंकि ज़्यादातर शब्दों का उच्चारण वैसे ही किया जाता है जैसे उन्हें लिखा जाता है	इतालवी भाषा में उच्चारण करना तुलनात्मक रूप से आसान है क्योंकि ज़्यादातर शब्दों का उच्चारण वैसे ही किया जाता है जैसे उन्हें लिखा जाता है
5958463932227431376.wav	इसे मंगलवार को काटना तय किया गया था, लेकिन एक आपातकालीन अदालत के फ़ैसले के बाद इसे बचा लिया गया था.	इसे मंगलवार को काटना तय किया गया था लेकिन एक आपातकालीन अदालत के फ़ैसले के बाद इसे बचा लिया गया था
1826521854378082525.wav	इसे मंगलवार को काटना तय किया गया था, लेकिन एक आपातकालीन अदालत के फ़ैसले के बाद इसे बचा लिया गया था.	इसे मंगलवार को काटना तय किया गया था लेकिन एक आपातकालीन अदालत के फ़ैसले के बाद इसे बचा लिया गया था
16786363522141309668.wav	इसे मंगलवार को काटना तय किया गया था, लेकिन एक आपातकालीन अदालत के फ़ैसले के बाद इसे बचा लिया गया था.	इसे मंगलवार को काटना तय किया गया था लेकिन एक आपातकालीन अदालत के फ़ैसले के बाद इसे बचा लिया गया था
12888270866141269240.wav	कनान देश में बड़े जंगलो के न होने के चलते वहाँ लकड़ियाँ बहुत महंगी थी।	कनान देश में बड़े जंगलो के न होने के चलते वहां लकड़ियां बहुत महंगी थी
17521463387957509552.wav	अमेरिकी राष्ट्रपति जॉर्ज डब्ल्यू बुश ने घोषणा का स्वागत किया.	अमेरिकी राष्ट्रपति जॉर्ज डब्ल्यू बुश ने घोषणा का स्वागत किया
9606246439179103203.wav	अमेरिकी राष्ट्रपति जॉर्ज डब्ल्यू बुश ने घोषणा का स्वागत किया.	अमेरिकी राष्ट्रपति जॉर्ज डब्ल्यू बुश ने घोषणा का स्वागत किया
15641140972526434928.wav	अमेरिकी राष्ट्रपति जॉर्ज डब्ल्यू बुश ने घोषणा का स्वागत किया.	अमेरिकी राष्ट्रपति जॉर्ज डब्ल्यू बुश ने घोषणा का स्वागत किया
13048108448713953932.wav	प्रकृतिवादियों और दार्शनिकों ने शास्त्रीय ग्रंथों पर और विशेष रूप से लैटिन में लिखे बाइबिल पर ध्यान दिया।	प्रकृतिवादियों और दार्शनिकों ने शास्त्रीय ग्रंथों पर और विशेष रूप से लैटिन में लिखे बाइबिल पर ध्यान दिया
5970385275581202904.wav	प्रकृतिवादियों और दार्शनिकों ने शास्त्रीय ग्रंथों पर और विशेष रूप से लैटिन में लिखे बाइबिल पर ध्यान दिया।	प्रकृतिवादियों और दार्शनिकों ने शास्त्रीय ग्रंथों पर और विशेष रूप से लैटिन में लिखे बाइबिल पर ध्यान दिया
2639257374884274256.wav	मूल आबादी में किसी तरह का बदलाव नहीं हुआ है, अभी भी वह पहले की तरह ही अनुकूलता चाहते हैं.	मूल आबादी में किसी तरह का बदलाव नहीं हुआ है अभी भी वह पहले की तरह ही अनुकूलता चाहते हैं
13629914666057077485.wav	खारे पानी के मगरमच्छ समुद्र में आम तौर पर नहीं रहते हैं. ये अक्सर रॉकम्प्टन के उत्तर में नदी के मुहाने पर देखे जा सकते हैं.	खारे पानी के मगरमच्छ समुद्र में आम तौर पर नहीं रहते हैं ये अक्सर रॉकम्प्टन के उत्तर में नदी के मुहाने पर देखे जा सकते हैं
10429326314841370948.wav	यदि आप सर्दियों में आर्कटिक या अंटार्कटिक क्षेत्रों में जाते हैं, तो आप ध्रुवीय रात का अनुभव करेंगे, जिसका अर्थ है कि सूरज क्षितिज से ऊपर नहीं उगता है।	यदि आप सर्दियों में आर्कटिक या अंटार्कटिक क्षेत्रों में जाते हैं तो आप ध्रुवीय रात का अनुभव करेंगे जिसका अर्थ है कि सूरज क्षितिज से ऊपर नहीं उगता है
11270825464567189925.wav	यदि आप सर्दियों में आर्कटिक या अंटार्कटिक क्षेत्रों में जाते हैं, तो आप ध्रुवीय रात का अनुभव करेंगे, जिसका अर्थ है कि सूरज क्षितिज से ऊपर नहीं उगता है।	यदि आप सर्दियों में आर्कटिक या अंटार्कटिक क्षेत्रों में जाते हैं तो आप ध्रुवीय रात का अनुभव करेंगे जिसका अर्थ है कि सूरज क्षितिज से ऊपर नहीं उगता है
2348691924521048047.wav	जब आप पहले के समय में विदेश गए थे, तो लोग तब ये जानकर धैर्य और समझ रखते थे कि यात्रियों को नए देश में उसके हिसाब से ढलना पड़ता है.	जब आप पहले के समय में विदेश गए थे तो लोग तब ये जानकर धैर्य और समझ रखते थे कि यात्रियों को नए देश में उसके हिसाब से ढलना पड़ता है
17564507380689458766.wav	जब आप पहले के समय में विदेश गए थे, तो लोग तब ये जानकर धैर्य और समझ रखते थे कि यात्रियों को नए देश में उसके हिसाब से ढलना पड़ता है.	जब आप पहले के समय में विदेश गए थे तो लोग तब ये जानकर धैर्य और समझ रखते थे कि यात्रियों को नए देश में उसके हिसाब से ढलना पड़ता है
9364337429469599182.wav	उन्होंने (जेमी सिमिनॉफ़) कहा, कि उन्होंने एक वाईफ़ाई डोर बेल बनाई है.	उन्होंने जेमी सिमिनॉफ़ कहा कि उन्होंने एक वाईफ़ाई डोर बेल बनाई है
1863528153333761464.wav	उन्होंने (जेमी सिमिनॉफ़) कहा, कि उन्होंने एक वाईफ़ाई डोर बेल बनाई है.	उन्होंने जेमी सिमिनॉफ़ कहा कि उन्होंने एक वाईफ़ाई डोर बेल बनाई है
11206833549725473331.wav	सैद्धांतिक रूप से तिब्बती बौद्ध धर्म बहुत सरल है। इसमें कुंडलिनी योग, ध्यान और सभी को प्रेम से गले लगाने वाला मार्ग शामिल है।	सैद्धांतिक रूप से तिब्बती बौद्ध धर्म बहुत सरल है इसमें कुंडलिनी योग ध्यान और सभी को प्रेम से गले लगाने वाला मार्ग शामिल है
16291299019723832307.wav	2010 के संघीय चुनाव से पहले 1,400 लोगों ने मतदान किया, 2008 से जो लोग ऑस्ट्रेलिया के गणतंत्र बनने का विरोध करते हैं उनमें 8 प्रतिशत की वृद्धि हुई.	2010 के संघीय चुनाव से पहले 1,400 लोगों ने मतदान किया 2008 से जो लोग ऑस्ट्रेलिया के गणतंत्र बनने का विरोध करते हैं उनमें 8 प्रतिशत की वृद्धि हुई
15158002206926634928.wav	स्थानीय अधिकारी संयंत्र के आस-पास के क्षेत्र में निवासियों को चेतावनी दे रहे हैं कि वे घर के अंदर रहें, एयर-कंडीशनर बंद कर दें और नल का पानी न पिएँ.	स्थानीय अधिकारी संयंत्र के आस-पास के क्षेत्र में निवासियों को चेतावनी दे रहे हैं कि वे घर के अंदर रहें एयर-कंडीशनर बंद कर दें और नल का पानी न पिएं
16133974077879140534.wav	इस नई जगह में अलग-अलग संसाधन और प्रतियोगी हैं, इसलिए नई आबादी को पहले के मुकाबले एक मजबूत प्रतियोगी बनने के लिए अलग-अलग खासियत या बदलाव अपनाने की ज़रूरत होगी.	इस नई जगह में अलग-अलग संसाधन और प्रतियोगी हैं इसलिए नई आबादी को पहले के मुकाबले एक मजबूत प्रतियोगी बनने के लिए अलग-अलग खासियत या बदलाव अपनाने की ज़रूरत होगी
14112322580063897119.wav	आप पिरामिड को शो शुरू होने से पहले अंधेरे में शांति से देख सकते हैं.	आप पिरामिड को शो शुरू होने से पहले अंधेरे में शांति से देख सकते हैं
17004109885536335136.wav	आप पिरामिड को शो शुरू होने से पहले अंधेरे में शांति से देख सकते हैं.	आप पिरामिड को शो शुरू होने से पहले अंधेरे में शांति से देख सकते हैं
14346193671142070616.wav	मुख्य लोकल बियर ‘Number one’ है, यह एक काम्प्लेक्स बियर नहीं है, बल्कि यह आपको ताजगी देती है. अन्य लोकल बियर को “Manta” कहा जाता है.	मुख्य लोकल बियर number one है यह एक काम्प्लेक्स बियर नहीं है बल्कि यह आपको ताजगी देती है अन्य लोकल बियर को manta कहा जाता है
12421193312741550985.wav	मुख्य लोकल बियर ‘Number one’ है, यह एक काम्प्लेक्स बियर नहीं है, बल्कि यह आपको ताजगी देती है. अन्य लोकल बियर को “Manta” कहा जाता है.	मुख्य लोकल बियर number one है यह एक काम्प्लेक्स बियर नहीं है बल्कि यह आपको ताजगी देती है अन्य लोकल बियर को manta कहा जाता है
9270271566070321790.wav	अंतिम स्कोर एक अंक की जीत थी, 21 और 20, ऑल ब्लैक्स का 15 गेम लगातार जीतने का सिलसिला समाप्त हुआ ।	अंतिम स्कोर एक अंक की जीत थी 21 और 20 ऑल ब्लैक्स का 15 गेम लगातार जीतने का सिलसिला समाप्त हुआ
981991301148283486.wav	अंतिम स्कोर एक अंक की जीत थी, 21 और 20, ऑल ब्लैक्स का 15 गेम लगातार जीतने का सिलसिला समाप्त हुआ ।	अंतिम स्कोर एक अंक की जीत थी 21 और 20 ऑल ब्लैक्स का 15 गेम लगातार जीतने का सिलसिला समाप्त हुआ
13191264841575352445.wav	बाबा श्याम को छप्पन भोग (हिंदू धर्म में, 56 अलग-अलग खाद्य पदार्थ, जैसे, मिठाई, फल, मेवा, व्यंजन आदि जो देवता को चढ़ाए जाते हैं) की 108 थाली परोसी गईं.	बाबा श्याम को छप्पन भोग हिंदू धर्म में 56 अलग-अलग खाद्य पदार्थ जैसे मिठाई फल मेवा व्यंजन आदि जो देवता को चढ़ाए जाते हैं की 108 थाली परोसी गईं
14309018331756960030.wav	ऐसी चीजें अलग-अलग अनुशासन बन गई हैं, जो वास्तविक जीवन की समस्याओं के समाधान प्रदान करने पर ध्यान देती हैं।	ऐसी चीजें अलग-अलग अनुशासन बन गई हैं जो वास्तविक जीवन की समस्याओं के समाधान प्रदान करने पर ध्यान देती हैं
1432960010724602832.wav	ऐसी चीजें अलग-अलग अनुशासन बन गई हैं, जो वास्तविक जीवन की समस्याओं के समाधान प्रदान करने पर ध्यान देती हैं।	ऐसी चीजें अलग-अलग अनुशासन बन गई हैं जो वास्तविक जीवन की समस्याओं के समाधान प्रदान करने पर ध्यान देती हैं
15022625069670082762.wav	कृपया इस जगह का सम्मान करें, अपने व्यवहार में गंभीरता रखें और इससे वही सम्मान दें जिसकी यह हकदार है. होलोकास्ट या नाज़ी लोगों के बारे में मज़ाक न करें.	कृपया इस जगह का सम्मान करें अपने व्यवहार में गंभीरता रखें और इससे वही सम्मान दें जिसकी यह हकदार है होलोकास्ट या नाज़ी लोगों के बारे में मज़ाक न करें
14123635506143081433.wav	कई सामान्य प्रारूप (उदाहरण के लिए, प्रारूप का APS परिवार) इस अभिमुखता अनुपात के लगभग बराबर या उसके आस-पास हैं.	कई सामान्य प्रारूप उदाहरण के लिए प्रारूप का aps परिवार इस अभिमुखता अनुपात के लगभग बराबर या उसके आस-पास हैं
1487893749760096307.wav	मोल्दोवा में प्रमुख धर्म रूढ़िवादी ईसाई धर्म है।	मोल्दोवा में प्रमुख धर्म रूढ़िवादी ईसाई धर्म है
1295622493382165331.wav	मोल्दोवा में प्रमुख धर्म रूढ़िवादी ईसाई धर्म है।	मोल्दोवा में प्रमुख धर्म रूढ़िवादी ईसाई धर्म है
5435772826667223809.wav	मोल्दोवा में प्रमुख धर्म रूढ़िवादी ईसाई धर्म है।	मोल्दोवा में प्रमुख धर्म रूढ़िवादी ईसाई धर्म है
9522308667598535252.wav	पंखों की संरचना से पता चलता है कि उनका उपयोग उड़ान में नहीं, बल्कि तापमान विनियमन या प्रदर्शन के लिए किया जाता था। शोधकर्ताओं ने सुझाव दिया कि, भले ही यह एक युवा डायनासोर की पूँछ हो, लेकिन नमूना वयस्क साहुल दर्शाता है ना कि बच्चे का निचला हिस्सा।	पंखों की संरचना से पता चलता है कि उनका उपयोग उड़ान में नहीं बल्कि तापमान विनियमन या प्रदर्शन के लिए किया जाता था शोधकर्ताओं ने सुझाव दिया कि भले ही यह एक युवा डायनासोर की पूंछ हो लेकिन नमूना वयस्क साहुल दर्शाता है ना कि बच्चे का निचला हिस्सा
10423652248495413645.wav	रॉबिन उथप्पा ने केवल 41 गेंदों में 11 चौकों और 2 छक्कों की मदद से 70 रन बना कर पारी का सर्वोच्च स्कोर बनाया.	रॉबिन उथप्पा ने केवल 41 गेंदों में 11 चौकों और 2 छक्कों की मदद से 70 रन बना कर पारी का सर्वोच्च स्कोर बनाया
13627157508190734060.wav	सफ़ारी शायद अफ्रीका में सबसे बड़े पर्यटन केंद्र हैं और ये कई आगंतुकों को आकर्षित करते है.	सफ़ारी शायद अफ्रीका में सबसे बड़े पर्यटन केंद्र हैं और ये कई आगंतुकों को आकर्षित करते है
5027019452924149700.wav	तिब्बती बौद्ध धर्म बुद्ध की शिक्षाओं पर आधारित है, लेकिन प्रेम के महायान मार्ग और भारतीय योग से बहुत सारी तकनीकों द्वारा इसे बढ़ाया गया.	तिब्बती बौद्ध धर्म बुद्ध की शिक्षाओं पर आधारित है लेकिन प्रेम के महायान मार्ग और भारतीय योग से बहुत सारी तकनीकों द्वारा इसे बढ़ाया गया
17631628548706552877.wav	तिब्बती बौद्ध धर्म बुद्ध की शिक्षाओं पर आधारित है, लेकिन प्रेम के महायान मार्ग और भारतीय योग से बहुत सारी तकनीकों द्वारा इसे बढ़ाया गया.	तिब्बती बौद्ध धर्म बुद्ध की शिक्षाओं पर आधारित है लेकिन प्रेम के महायान मार्ग और भारतीय योग से बहुत सारी तकनीकों द्वारा इसे बढ़ाया गया
8436775100040002569.wav	तिब्बती बौद्ध धर्म बुद्ध की शिक्षाओं पर आधारित है, लेकिन प्रेम के महायान मार्ग और भारतीय योग से बहुत सारी तकनीकों द्वारा इसे बढ़ाया गया.	तिब्बती बौद्ध धर्म बुद्ध की शिक्षाओं पर आधारित है लेकिन प्रेम के महायान मार्ग और भारतीय योग से बहुत सारी तकनीकों द्वारा इसे बढ़ाया गया
5925791718184013355.wav	इससे पहले कि कोई संगठन नवोन्मेषी हो सके, लीडरशिप को नवोन्मेष की संस्कृति बनाने के साथ ही साझा ज्ञान और संगठनात्मक शिक्षण भी तैयार करना होगा.	इससे पहले कि कोई संगठन नवोन्मेषी हो सके लीडरशिप को नवोन्मेष की संस्कृति बनाने के साथ ही साझा ज्ञान और संगठनात्मक शिक्षण भी तैयार करना होगा
2959162010730586163.wav	इससे पहले कि कोई संगठन नवोन्मेषी हो सके, लीडरशिप को नवोन्मेष की संस्कृति बनाने के साथ ही साझा ज्ञान और संगठनात्मक शिक्षण भी तैयार करना होगा.	इससे पहले कि कोई संगठन नवोन्मेषी हो सके लीडरशिप को नवोन्मेष की संस्कृति बनाने के साथ ही साझा ज्ञान और संगठनात्मक शिक्षण भी तैयार करना होगा
4383601501288470128.wav	इससे पहले कि कोई संगठन नवोन्मेषी हो सके, लीडरशिप को नवोन्मेष की संस्कृति बनाने के साथ ही साझा ज्ञान और संगठनात्मक शिक्षण भी तैयार करना होगा.	इससे पहले कि कोई संगठन नवोन्मेषी हो सके लीडरशिप को नवोन्मेष की संस्कृति बनाने के साथ ही साझा ज्ञान और संगठनात्मक शिक्षण भी तैयार करना होगा
1044599921269916195.wav	अभी भी वे यह पता लगाने की कोशिश कर रहे हैं कि क्रैश कितना बड़ा था और धरती किस तरह से प्रभावित होगी.	अभी भी वे यह पता लगाने की कोशिश कर रहे हैं कि क्रैश कितना बड़ा था और धरती किस तरह से प्रभावित होगी
8759029715008013892.wav	अभी भी वे यह पता लगाने की कोशिश कर रहे हैं कि क्रैश कितना बड़ा था और धरती किस तरह से प्रभावित होगी.	अभी भी वे यह पता लगाने की कोशिश कर रहे हैं कि क्रैश कितना बड़ा था और धरती किस तरह से प्रभावित होगी
8825293215214445472.wav	अभी भी वे यह पता लगाने की कोशिश कर रहे हैं कि क्रैश कितना बड़ा था और धरती किस तरह से प्रभावित होगी.	अभी भी वे यह पता लगाने की कोशिश कर रहे हैं कि क्रैश कितना बड़ा था और धरती किस तरह से प्रभावित होगी
12853086516705941187.wav	दो घंटों में सरकारी इमारतों के पास दो बम विस्फोट हुए.	दो घंटों में सरकारी इमारतों के पास दो बम विस्फोट हुए
5256080569877321430.wav	दो घंटों में सरकारी इमारतों के पास दो बम विस्फोट हुए.	दो घंटों में सरकारी इमारतों के पास दो बम विस्फोट हुए
16056136579044242205.wav	दो घंटों में सरकारी इमारतों के पास दो बम विस्फोट हुए.	दो घंटों में सरकारी इमारतों के पास दो बम विस्फोट हुए
13484197621962344226.wav	हज़ारों साल पहले, एरिस्टार्चस नामक एक व्यक्ति ने कहा था कि सौर मंडल सूर्य के चारों ओर घूमता है।	हज़ारों साल पहले एरिस्टार्चस नामक एक व्यक्ति ने कहा था कि सौर मंडल सूर्य के चारों ओर घूमता है
11745082786885157257.wav	हज़ारों साल पहले, एरिस्टार्चस नामक एक व्यक्ति ने कहा था कि सौर मंडल सूर्य के चारों ओर घूमता है।	हज़ारों साल पहले एरिस्टार्चस नामक एक व्यक्ति ने कहा था कि सौर मंडल सूर्य के चारों ओर घूमता है
872106282640325323.wav	उत्तरी हिस्सा या सेंटिनेल रेंज में अंटार्कटिका के सबसे ऊँचे पहाड़, विंसन मैसिफ़ और माउंट विंसन हैं जिसकी सबसे ऊँची चोटी 4892 मीटर की है.	उत्तरी हिस्सा या सेंटिनेल रेंज में अंटार्कटिका के सबसे ऊंचे पहाड़ विंसन मैसिफ़ और माउंट विंसन हैं जिसकी सबसे ऊंची चोटी 4892 मीटर की है
14930148530444438904.wav	आम तौर पर सैटेलाइट फोन को मोबाइल फोन के स्थान पर उपयोग नहीं किया जा सकता है, क्योंकि सैटेलाइट फोन से कॉल करने के लिए आपको उपग्रह की रेखा पर घर के बाहर रहना पड़ेगा।	आम तौर पर सैटेलाइट फोन को मोबाइल फोन के स्थान पर उपयोग नहीं किया जा सकता है क्योंकि सैटेलाइट फोन से कॉल करने के लिए आपको उपग्रह की रेखा पर घर के बाहर रहना पड़ेगा
10267477486953643935.wav	जब घायलों को लड़ाई बंद होने के बाद अस्पताल ले जाया गया, तो लगभग 40 अन्य बचे हुए कैदी यार्ड में रुके और अपनी कोठरियों में लौटने से इनकार कर दिया.	जब घायलों को लड़ाई बंद होने के बाद अस्पताल ले जाया गया तो लगभग 40 अन्य बचे हुए कैदी यार्ड में रुके और अपनी कोठरियों में लौटने से इनकार कर दिया
6574843675110633186.wav	कुछ फ़ेस्टिवल में छोटे बच्चों के साथ आने वाले परिवारों के लिए कैंप लगाने के ख़ास इलाके होते हैं.	कुछ फ़ेस्टिवल में छोटे बच्चों के साथ आने वाले परिवारों के लिए कैंप लगाने के ख़ास इलाके होते हैं
7462084327459526946.wav	कुछ फ़ेस्टिवल में छोटे बच्चों के साथ आने वाले परिवारों के लिए कैंप लगाने के ख़ास इलाके होते हैं.	कुछ फ़ेस्टिवल में छोटे बच्चों के साथ आने वाले परिवारों के लिए कैंप लगाने के ख़ास इलाके होते हैं
13939004686503523604.wav	कुछ फ़ेस्टिवल में छोटे बच्चों के साथ आने वाले परिवारों के लिए कैंप लगाने के ख़ास इलाके होते हैं.	कुछ फ़ेस्टिवल में छोटे बच्चों के साथ आने वाले परिवारों के लिए कैंप लगाने के ख़ास इलाके होते हैं
12726349958442934185.wav	वैसे तो इसका व्यापक रूप से इस्तेमाल किया जाता है, खास कर गैर-रोमनी लोगों में, लेकिन नकारात्मक स्टीरियोटाइप और रोमनी लोगों की ग़लत धारणाओं की वजह से “जिप्सी” शब्द को अक्सर आपत्तिजनक माना जाता है.	वैसे तो इसका व्यापक रूप से इस्तेमाल किया जाता है खास कर गैर-रोमनी लोगों में लेकिन नकारात्मक स्टीरियोटाइप और रोमनी लोगों की ग़लत धारणाओं की वजह से जिप्सी शब्द को अक्सर आपत्तिजनक माना जाता है
10962458667180447866.wav	वैसे तो इसका व्यापक रूप से इस्तेमाल किया जाता है, खास कर गैर-रोमनी लोगों में, लेकिन नकारात्मक स्टीरियोटाइप और रोमनी लोगों की ग़लत धारणाओं की वजह से “जिप्सी” शब्द को अक्सर आपत्तिजनक माना जाता है.	वैसे तो इसका व्यापक रूप से इस्तेमाल किया जाता है खास कर गैर-रोमनी लोगों में लेकिन नकारात्मक स्टीरियोटाइप और रोमनी लोगों की ग़लत धारणाओं की वजह से जिप्सी शब्द को अक्सर आपत्तिजनक माना जाता है
7369439226806293441.wav	वैसे तो इसका व्यापक रूप से इस्तेमाल किया जाता है, खास कर गैर-रोमनी लोगों में, लेकिन नकारात्मक स्टीरियोटाइप और रोमनी लोगों की ग़लत धारणाओं की वजह से “जिप्सी” शब्द को अक्सर आपत्तिजनक माना जाता है.	वैसे तो इसका व्यापक रूप से इस्तेमाल किया जाता है खास कर गैर-रोमनी लोगों में लेकिन नकारात्मक स्टीरियोटाइप और रोमनी लोगों की ग़लत धारणाओं की वजह से जिप्सी शब्द को अक्सर आपत्तिजनक माना जाता है
15263345236611632964.wav	इसके राज्यों के बीच कर कानूनों और शुल्कों को ओवरराइड करने का भी कोई अधिकार नहीं था.	इसके राज्यों के बीच कर कानूनों और शुल्कों को ओवरराइड करने का भी कोई अधिकार नहीं था
11106558216578129562.wav	इसके राज्यों के बीच कर कानूनों और शुल्कों को ओवरराइड करने का भी कोई अधिकार नहीं था.	इसके राज्यों के बीच कर कानूनों और शुल्कों को ओवरराइड करने का भी कोई अधिकार नहीं था
9067638475800714768.wav	इसके राज्यों के बीच कर कानूनों और शुल्कों को ओवरराइड करने का भी कोई अधिकार नहीं था.	इसके राज्यों के बीच कर कानूनों और शुल्कों को ओवरराइड करने का भी कोई अधिकार नहीं था
4156409909382437441.wav	बड़े-बड़े बुलेवार्ड, ग्लास-फ्रंटेड इमारतों और आधुनिक शॉपिंग सेंटर पारंपरिक लाल टाइल वाली छतों से आच्छादित हैं, 18वीं शताब्दी के बाजार, और पुरानी मस्जिदें और चर्च हैं, हालांकि शहर में पारंपरिक तुर्की की तुलना में भूमध्यसागरीय यूरोप का माहौल अधिक है।	बड़े-बड़े बुलेवार्ड ग्लास-फ्रंटेड इमारतों और आधुनिक शॉपिंग सेंटर पारंपरिक लाल टाइल वाली छतों से आच्छादित हैं 18वीं शताब्दी के बाजार और पुरानी मस्जिदें और चर्च हैं हालांकि शहर में पारंपरिक तुर्की की तुलना में भूमध्यसागरीय यूरोप का माहौल अधिक है
11416316648423711293.wav	ज़्यादातर जिलों में छोटी जापानी कोस्टर बसें चलती हैं जो आरामदायक और मज़बूत होती हैं.	ज़्यादातर जिलों में छोटी जापानी कोस्टर बसें चलती हैं जो आरामदायक और मज़बूत होती हैं
12997807127785707421.wav	ज़्यादातर जिलों में छोटी जापानी कोस्टर बसें चलती हैं जो आरामदायक और मज़बूत होती हैं.	ज़्यादातर जिलों में छोटी जापानी कोस्टर बसें चलती हैं जो आरामदायक और मज़बूत होती हैं
15133955515647683927.wav	देशभर के लोकप्रिय गायक श्री श्याम के चरणों में भजन या भक्तिगीत पेश करते हैं.	देशभर के लोकप्रिय गायक श्री श्याम के चरणों में भजन या भक्तिगीत पेश करते हैं
2899966407717589315.wav	देशभर के लोकप्रिय गायक श्री श्याम के चरणों में भजन या भक्तिगीत पेश करते हैं.	देशभर के लोकप्रिय गायक श्री श्याम के चरणों में भजन या भक्तिगीत पेश करते हैं
5473236276101142186.wav	वैज्ञानिकों का कहना है कि टकराव के कारण हुआ विस्फोट बड़े पैमाने पर हुआ था.	वैज्ञानिकों का कहना है कि टकराव के कारण हुआ विस्फोट बड़े पैमाने पर हुआ था
4819542384135179127.wav	वैज्ञानिकों का कहना है कि टकराव के कारण हुआ विस्फोट बड़े पैमाने पर हुआ था.	वैज्ञानिकों का कहना है कि टकराव के कारण हुआ विस्फोट बड़े पैमाने पर हुआ था
6375644766909024321.wav	वैज्ञानिकों का कहना है कि टकराव के कारण हुआ विस्फोट बड़े पैमाने पर हुआ था.	वैज्ञानिकों का कहना है कि टकराव के कारण हुआ विस्फोट बड़े पैमाने पर हुआ था
2912882773728454954.wav	इरान में हवाई दुर्घटनाएँ सामान्य हैं, जिसके पास बरसों पुराने हवाई जहाज़ हैं जिनका सिविल और मिलिट्री ऑपरेशन्स में सही तरीके से मेनटेन नहीं किया गया.	इरान में हवाई दुर्घटनाएं सामान्य हैं जिसके पास बरसों पुराने हवाई जहाज़ हैं जिनका सिविल और मिलिट्री ऑपरेशन्स में सही तरीके से मेनटेन नहीं किया गया
7530821084196014134.wav	इरान में हवाई दुर्घटनाएँ सामान्य हैं, जिसके पास बरसों पुराने हवाई जहाज़ हैं जिनका सिविल और मिलिट्री ऑपरेशन्स में सही तरीके से मेनटेन नहीं किया गया.	इरान में हवाई दुर्घटनाएं सामान्य हैं जिसके पास बरसों पुराने हवाई जहाज़ हैं जिनका सिविल और मिलिट्री ऑपरेशन्स में सही तरीके से मेनटेन नहीं किया गया
13932634424841859240.wav	इरान में हवाई दुर्घटनाएँ सामान्य हैं, जिसके पास बरसों पुराने हवाई जहाज़ हैं जिनका सिविल और मिलिट्री ऑपरेशन्स में सही तरीके से मेनटेन नहीं किया गया.	इरान में हवाई दुर्घटनाएं सामान्य हैं जिसके पास बरसों पुराने हवाई जहाज़ हैं जिनका सिविल और मिलिट्री ऑपरेशन्स में सही तरीके से मेनटेन नहीं किया गया
5843668892040761338.wav	जल्द ही, दंगा संबंधी उपकरणों से लैस अधिकारियों ने अहाते में प्रवेश किया और कैदियों को आंसू गैस की मदद से काबू में कर लिया।	जल्द ही दंगा संबंधी उपकरणों से लैस अधिकारियों ने अहाते में प्रवेश किया और कैदियों को आंसू गैस की मदद से काबू में कर लिया
13604489588914590815.wav	एक अंतर-वर्ष की योजना बनाने वालों के लिए अधिक लोकप्रिय विकल्प यात्रा करना और सीखना है.	एक अंतर-वर्ष की योजना बनाने वालों के लिए अधिक लोकप्रिय विकल्प यात्रा करना और सीखना है
17939904061225330570.wav	दिखाए गए दृष्टिकोण हर कहीं उपलब्ध ज़्यादा विस्तृत जानकारी की तुलना में अक्सर सतही, सामान्य और अति-साधारण होते हैं.	दिखाए गए दृष्टिकोण हर कहीं उपलब्ध ज़्यादा विस्तृत जानकारी की तुलना में अक्सर सतही सामान्य और अति-साधारण होते हैं
11067967481224708206.wav	दिखाए गए दृष्टिकोण हर कहीं उपलब्ध ज़्यादा विस्तृत जानकारी की तुलना में अक्सर सतही, सामान्य और अति-साधारण होते हैं.	दिखाए गए दृष्टिकोण हर कहीं उपलब्ध ज़्यादा विस्तृत जानकारी की तुलना में अक्सर सतही सामान्य और अति-साधारण होते हैं
13717875848823242697.wav	दिखाए गए दृष्टिकोण हर कहीं उपलब्ध ज़्यादा विस्तृत जानकारी की तुलना में अक्सर सतही, सामान्य और अति-साधारण होते हैं.	दिखाए गए दृष्टिकोण हर कहीं उपलब्ध ज़्यादा विस्तृत जानकारी की तुलना में अक्सर सतही सामान्य और अति-साधारण होते हैं
11928694783044265456.wav	यह चेतावनी देता है कि कोई भी इस बात की गारंटी नहीं दे सकता कि इस स्थिति में इराक में किसी भी तरह की कार्रवाई से सांप्रदायिक युद्ध, बढ़ती हिंसा या अराजकता पर लगाम लगेगी.	यह चेतावनी देता है कि कोई भी इस बात की गारंटी नहीं दे सकता कि इस स्थिति में इराक में किसी भी तरह की कार्रवाई से सांप्रदायिक युद्ध बढ़ती हिंसा या अराजकता पर लगाम लगेगी
4488372048781592333.wav	यह चेतावनी देता है कि कोई भी इस बात की गारंटी नहीं दे सकता कि इस स्थिति में इराक में किसी भी तरह की कार्रवाई से सांप्रदायिक युद्ध, बढ़ती हिंसा या अराजकता पर लगाम लगेगी.	यह चेतावनी देता है कि कोई भी इस बात की गारंटी नहीं दे सकता कि इस स्थिति में इराक में किसी भी तरह की कार्रवाई से सांप्रदायिक युद्ध बढ़ती हिंसा या अराजकता पर लगाम लगेगी
588241394769103094.wav	यह चेतावनी देता है कि कोई भी इस बात की गारंटी नहीं दे सकता कि इस स्थिति में इराक में किसी भी तरह की कार्रवाई से सांप्रदायिक युद्ध, बढ़ती हिंसा या अराजकता पर लगाम लगेगी.	यह चेतावनी देता है कि कोई भी इस बात की गारंटी नहीं दे सकता कि इस स्थिति में इराक में किसी भी तरह की कार्रवाई से सांप्रदायिक युद्ध बढ़ती हिंसा या अराजकता पर लगाम लगेगी
7380192169058768507.wav	फिर, लक्खा सिंह ने भजन गायकी की कमान संभाली.	फिर लक्खा सिंह ने भजन गायकी की कमान संभाली
16167649664440670698.wav	फिर, लक्खा सिंह ने भजन गायकी की कमान संभाली.	फिर लक्खा सिंह ने भजन गायकी की कमान संभाली
907596050846269599.wav	चार साल में यह मार्टेली का पांचवां सीईपी है।	चार साल में यह मार्टेली का पांचवां सीईपी है
12556155672166179839.wav	इस गतिशील परिवहन शटल में हर कोई किसी न किसी तरह से जुड़ा हुआ है, और निजी कारों पर आधारित परिवहन प्रणाली का समर्थन करता है.	इस गतिशील परिवहन शटल में हर कोई किसी न किसी तरह से जुड़ा हुआ है और निजी कारों पर आधारित परिवहन प्रणाली का समर्थन करता है
9145959572951030500.wav	इस गतिशील परिवहन शटल में हर कोई किसी न किसी तरह से जुड़ा हुआ है, और निजी कारों पर आधारित परिवहन प्रणाली का समर्थन करता है.	इस गतिशील परिवहन शटल में हर कोई किसी न किसी तरह से जुड़ा हुआ है और निजी कारों पर आधारित परिवहन प्रणाली का समर्थन करता है
13367920901783654688.wav	पोलैंड निवासी नेत्रहीन पुरुष, मैकीज क्रेज़ेल और उनकी गाइड ऐना ऑगर्ज़िनस्का ने सुपर-जी मुकाबले में तेरहवाँ स्थान हासिल किया. इसके अलावा, दक्षिण कोरिया के जोंग सिऑर्क पार्क इस मुकाबले में चौबीसवें स्थान पर रहे.	पोलैंड निवासी नेत्रहीन पुरुष मैकीज क्रेज़ेल और उनकी गाइड ऐना ऑगर्ज़िनस्का ने सुपर-जी मुकाबले में तेरहवां स्थान हासिल किया इसके अलावा दक्षिण कोरिया के जोंग सिऑर्क पार्क इस मुकाबले में चौबीसवें स्थान पर रहे
17232604485640796830.wav	पुलिस के मुताबिक, फ़ोटोग्राफर को टक्कर मारने वाले वाहन चालक पर आपराधिक आरोप लगने की संभावना बहुत कम है.	पुलिस के मुताबिक फ़ोटोग्राफर को टक्कर मारने वाले वाहन चालक पर आपराधिक आरोप लगने की संभावना बहुत कम है
13404732298426163503.wav	पुलिस के मुताबिक, फ़ोटोग्राफर को टक्कर मारने वाले वाहन चालक पर आपराधिक आरोप लगने की संभावना बहुत कम है.	पुलिस के मुताबिक फ़ोटोग्राफर को टक्कर मारने वाले वाहन चालक पर आपराधिक आरोप लगने की संभावना बहुत कम है
16749191859884479803.wav	पुरुषों के सिटिंग सुपर-जी में मैक्सिको के अर्ली वेलास्केज़ पंद्रहवें स्थान पर रहे. पुरुषों के स्टैंडिंग सुपर-जी में न्यूज़ीलैंड के एडम हॉल नौवें स्थान पर रहे.	पुरुषों के सिटिंग सुपर-जी में मैक्सिको के अर्ली वेलास्केज़ पंद्रहवें स्थान पर रहे पुरुषों के स्टैंडिंग सुपर-जी में न्यूज़ीलैंड के एडम हॉल नौवें स्थान पर रहे
10905105795491986941.wav	चर्च के परिसर में, कुछ कब्रों पर कबूतरों की संगमरमर से बनाई गयी दिलचस्प मूर्तियां हैं।	चर्च के परिसर में कुछ कब्रों पर कबूतरों की संगमरमर से बनाई गई दिलचस्प मूर्तियां हैं
14401989077012063818.wav	विज्ञान अब यह संकेत देता है कि इस विशाल कार्बन अर्थव्यवस्था ने जीवमंडल को उसकी स्थिर स्थितियों में से एक से हटा दिया है जिसने पिछले बीस लाख सालों में मानव विकास में सहायता की है.	विज्ञान अब यह संकेत देता है कि इस विशाल कार्बन अर्थव्यवस्था ने जीवमंडल को उसकी स्थिर स्थितियों में से एक से हटा दिया है जिसने पिछले बीस लाख सालों में मानव विकास में सहायता की है
5803607231452055128.wav	विज्ञान अब यह संकेत देता है कि इस विशाल कार्बन अर्थव्यवस्था ने जीवमंडल को उसकी स्थिर स्थितियों में से एक से हटा दिया है जिसने पिछले बीस लाख सालों में मानव विकास में सहायता की है.	विज्ञान अब यह संकेत देता है कि इस विशाल कार्बन अर्थव्यवस्था ने जीवमंडल को उसकी स्थिर स्थितियों में से एक से हटा दिया है जिसने पिछले बीस लाख सालों में मानव विकास में सहायता की है
11319373802838018668.wav	मीट्रिक प्रणाली के इस्तेमाल, निरपेक्षवाद से गणतंत्रवाद, राष्ट्रवाद में बदलाव और देश का भरोसा लोगों से है किसी एक शासक से नहीं, ऐसी बातों का बहुत ज़्यादा सामाजिक और राजनैतिक असर होता है.	मीट्रिक प्रणाली के इस्तेमाल निरपेक्षवाद से गणतंत्रवाद राष्ट्रवाद में बदलाव और देश का भरोसा लोगों से है किसी एक शासक से नहीं ऐसी बातों का बहुत ज़्यादा सामाजिक और राजनैतिक असर होता है
7093442126147711795.wav	मीट्रिक प्रणाली के इस्तेमाल, निरपेक्षवाद से गणतंत्रवाद, राष्ट्रवाद में बदलाव और देश का भरोसा लोगों से है किसी एक शासक से नहीं, ऐसी बातों का बहुत ज़्यादा सामाजिक और राजनैतिक असर होता है.	मीट्रिक प्रणाली के इस्तेमाल निरपेक्षवाद से गणतंत्रवाद राष्ट्रवाद में बदलाव और देश का भरोसा लोगों से है किसी एक शासक से नहीं ऐसी बातों का बहुत ज़्यादा सामाजिक और राजनैतिक असर होता है
12279724329535836626.wav	प्लॉटिंग एनालिसिस का परिणाम पब्लिक वेबसाइट पर पोस्ट करना होगा.	प्लॉटिंग एनालिसिस का परिणाम पब्लिक वेबसाइट पर पोस्ट करना होगा
7424118532599838203.wav	प्लॉटिंग एनालिसिस का परिणाम पब्लिक वेबसाइट पर पोस्ट करना होगा.	प्लॉटिंग एनालिसिस का परिणाम पब्लिक वेबसाइट पर पोस्ट करना होगा
2628903513692558421.wav	प्लॉटिंग एनालिसिस का परिणाम पब्लिक वेबसाइट पर पोस्ट करना होगा.	प्लॉटिंग एनालिसिस का परिणाम पब्लिक वेबसाइट पर पोस्ट करना होगा
11633347711483585417.wav	चूंकि छात्र अक्सर सबसे आलोचनात्मक दर्शक होते हैं, इसलिए ब्लॉग लेखक आलोचना या समीक्षा से बचने के लिए लेखन में सुधार करने का प्रयास करना शुरू कर देता/देती है।	चूंकि छात्र अक्सर सबसे आलोचनात्मक दर्शक होते हैं इसलिए ब्लॉग लेखक आलोचना या समीक्षा से बचने के लिए लेखन में सुधार करने का प्रयास करना शुरू कर देता/देती है।
4597296139761589870.wav	चूंकि छात्र अक्सर सबसे आलोचनात्मक दर्शक होते हैं, इसलिए ब्लॉग लेखक आलोचना या समीक्षा से बचने के लिए लेखन में सुधार करने का प्रयास करना शुरू कर देता/देती है।	चूंकि छात्र अक्सर सबसे आलोचनात्मक दर्शक होते हैं इसलिए ब्लॉग लेखक आलोचना या समीक्षा से बचने के लिए लेखन में सुधार करने का प्रयास करना शुरू कर देता/देती है।
125591815655275224.wav	चूंकि छात्र अक्सर सबसे आलोचनात्मक दर्शक होते हैं, इसलिए ब्लॉग लेखक आलोचना या समीक्षा से बचने के लिए लेखन में सुधार करने का प्रयास करना शुरू कर देता/देती है।	चूंकि छात्र अक्सर सबसे आलोचनात्मक दर्शक होते हैं इसलिए ब्लॉग लेखक आलोचना या समीक्षा से बचने के लिए लेखन में सुधार करने का प्रयास करना शुरू कर देता/देती है।
2716557607616402165.wav	मरीज नाइजीरिया गया था, जहाँ इबोला वायरस के कुछ मामले सामने आए हैं.	मरीज नाइजीरिया गया था जहां इबोला वायरस के कुछ मामले सामने आए हैं
3886001744751421771.wav	मरीज नाइजीरिया गया था, जहाँ इबोला वायरस के कुछ मामले सामने आए हैं.	मरीज नाइजीरिया गया था जहां इबोला वायरस के कुछ मामले सामने आए हैं
6564598343664502584.wav	मरीज नाइजीरिया गया था, जहाँ इबोला वायरस के कुछ मामले सामने आए हैं.	मरीज नाइजीरिया गया था जहां इबोला वायरस के कुछ मामले सामने आए हैं
7102476881864435711.wav	वैज्ञानिकों का यह कहना है कि इस जानवर के रोमछिद्र भूरे और कैरोटीनॉयड के नीचे का रंग भूरा-भूरा था।	वैज्ञानिकों का यह कहना है कि इस जानवर के रोमछिद्र भूरे और कैरोटीनॉयड के नीचे का रंग भूरा-भूरा था
2381351120168237912.wav	यह पार्क 19,500 वर्ग किलोमीटर में फैला है और इसमें 14 अलग-अलग इको ज़ोन हैं, जिनमें से हर एक में अलग-अलग वन्यजीवन है.	यह पार्क 19,500 वर्ग किलोमीटर में फैला है और इसमें 14 अलग-अलग इको ज़ोन हैं जिनमें से हर एक में अलग-अलग वन्यजीवन है
13925643605494374435.wav	स्कीइंग कई उत्साही लोगों के लिए एक प्रमुख यात्रा गतिविधि है, जिसे कभी-कभी “स्की बम्स” कहा जाता है, जिसमें विशेष स्थान पर स्कीइंग के इर्दगिर्द पूरी छुट्टियों की योजना बनाते हैं।	स्कीइंग कई उत्साही लोगों के लिए एक प्रमुख यात्रा गतिविधि है जिसे कभी-कभी स्की बम्स कहा जाता है जिसमें विशेष स्थान पर स्कीइंग के इर्दगिर्द पूरी छुट्टियों की योजना बनाते हैं
5347195055674384647.wav	स्कीइंग कई उत्साही लोगों के लिए एक प्रमुख यात्रा गतिविधि है, जिसे कभी-कभी “स्की बम्स” कहा जाता है, जिसमें विशेष स्थान पर स्कीइंग के इर्दगिर्द पूरी छुट्टियों की योजना बनाते हैं।	स्कीइंग कई उत्साही लोगों के लिए एक प्रमुख यात्रा गतिविधि है जिसे कभी-कभी स्की बम्स कहा जाता है जिसमें विशेष स्थान पर स्कीइंग के इर्दगिर्द पूरी छुट्टियों की योजना बनाते हैं
13308471741639604073.wav	इन सिद्धांतों से संकेत मिलता है कि लोगों की कुछ ऐसी ज़रूरतें और/या इच्छाएँ थीं जो उनके वयस्क होते-होते उनके भीतर निहित हो गयी.	इन सिद्धांतों से संकेत मिलता है कि लोगों की कुछ ऐसी ज़रूरतें और/या इच्छाएँ थीं जो उनके वयस्क होते-होते उनके भीतर निहित हो गयी
10003386135529782184.wav	मेजरकेन खाना, भूमध्य सागर में समान क्षेत्रों की तरह, रोटी, सब्जियों और मांस (विशेष रूप से सूअर का मांस) पर आधारित है, और जैतून के तेल का उपयोग करता है।	मेजरकेन खाना भूमध्य सागर में समान क्षेत्रों की तरह रोटी सब्जियों और मांस विशेष रूप से सूअर का मांस पर आधारित है और जैतून के तेल का उपयोग करता है।
3325276440201173617.wav	मेजरकेन खाना, भूमध्य सागर में समान क्षेत्रों की तरह, रोटी, सब्जियों और मांस (विशेष रूप से सूअर का मांस) पर आधारित है, और जैतून के तेल का उपयोग करता है।	मेजरकेन खाना भूमध्य सागर में समान क्षेत्रों की तरह रोटी सब्जियों और मांस विशेष रूप से सूअर का मांस पर आधारित है और जैतून के तेल का उपयोग करता है।
12038523408717497365.wav	इससे पहले, रिंग के सीईओ, जेमी सिमिनॉफ ने बताया था कि कंपनी तब शुरू हुई जब उसके दरवाज़े की घंटी उसके गेराज में स्थित दुकान से सुनाई नहीं देती थी।	इससे पहले रिंग के सीईओ जेमी सिमिनॉफ ने बताया था कि कंपनी तब शुरू हुई जब उसके दरवाज़े की घंटी उसके गेराज में स्थित दुकान से सुनाई नहीं देती थी
10096022508053277080.wav	आर्मंड वर्सास ने कहा, मैंने अपनी बहन और उसकी दोस्त को खो दिया, और रास्ते में व्हीलचेयर में दो दिव्यांग लोग थे, और लोग उनपर उछल रहे थे और उन्हें धक्का दे रहे थे”।	आर्मंड वर्सास ने कहा मैंने अपनी बहन और उसकी दोस्त को खो दिया और रास्ते में व्हीलचेयर में दो दिव्यांग लोग थे और लोग उनपर उछल रहे थे और उन्हें धक्का दे रहे थे
12091698556182716328.wav	कुतूहल गाँव में आधे घंटे टहलना समय की हानि नहीं है।	कुतूहल गांव में आधे घंटे टहलना समय की हानि नहीं है
10211077472389368581.wav	कुतूहल गाँव में आधे घंटे टहलना समय की हानि नहीं है।	कुतूहल गांव में आधे घंटे टहलना समय की हानि नहीं है
8715093097937004387.wav	कुतूहल गाँव में आधे घंटे टहलना समय की हानि नहीं है।	कुतूहल गांव में आधे घंटे टहलना समय की हानि नहीं है
5204454887953784510.wav	महिला और पुरुष, दोनों की ओर से बड़ी संख्या में मिले सकारात्मक कमेंट और प्रोत्साहन की वजह से वे इस नतीजे पर पहुँची कि गर्भनिरोधक दवाओं को ज़रूरी दवाओं के तौर पर स्वीकार किया जाना चाहिए.	महिला और पुरुष दोनों की ओर से बड़ी संख्या में मिले सकारात्मक कमेंट और प्रोत्साहन की वजह से वे इस नतीजे पर पहुंची कि गर्भनिरोधक दवाओं को ज़रूरी दवाओं के तौर पर स्वीकार किया जाना चाहिए
1802237768031018924.wav	महिला और पुरुष, दोनों की ओर से बड़ी संख्या में मिले सकारात्मक कमेंट और प्रोत्साहन की वजह से वे इस नतीजे पर पहुँची कि गर्भनिरोधक दवाओं को ज़रूरी दवाओं के तौर पर स्वीकार किया जाना चाहिए.	महिला और पुरुष दोनों की ओर से बड़ी संख्या में मिले सकारात्मक कमेंट और प्रोत्साहन की वजह से वे इस नतीजे पर पहुंची कि गर्भनिरोधक दवाओं को ज़रूरी दवाओं के तौर पर स्वीकार किया जाना चाहिए
15463559083048772488.wav	हालाँकि, जंगल का अर्थ केवल मैंग्रोव दलदल नहीं हैं - वे कुछ अंतिम शक्तिशाली जंगलों में से हैं, जो कभी गंगा पठार को कवर करते थे।	हालांकि जंगल का अर्थ केवल मैंग्रोव दलदल नहीं हैं वे कुछ अंतिम शक्तिशाली जंगलों में से हैं जो कभी गंगा पठार को कवर करते थे
9113972962422065406.wav	उदाहरण के लिए, “लर्निंग” और “सोशलाइजेशन” को इंटरनेट इस्तेमाल करने की अहम वजह के तौर पर बताया गया है (जेम्स एट अल., 1995).	उदाहरण के लिए  लर्निंग” और  सोशलाइजेशन” को इंटरनेट इस्तेमाल करने की अहम वजह के तौर पर बताया गया है जेम्स एट अल. 1995
12472250695287141648.wav	उदाहरण के लिए, “लर्निंग” और “सोशलाइजेशन” को इंटरनेट इस्तेमाल करने की अहम वजह के तौर पर बताया गया है (जेम्स एट अल., 1995).	उदाहरण के लिए  लर्निंग” और  सोशलाइजेशन” को इंटरनेट इस्तेमाल करने की अहम वजह के तौर पर बताया गया है जेम्स एट अल. 1995
7699670815019425568.wav	जावा के व्यंजन अब पूरे द्वीपसमूह में व्यापक रूप से उपलब्ध हैं, जिसमें पारंपरिक व्यंजनों की एक विशेषता है, जावा के व्यंजनों में प्रमुख स्वाद मूंगफली, मिर्च, चीनी (विशेष रूप से जावा की नारियल चीनी) और विभिन्न सुगंधित मसालों का होता है।	जावा के व्यंजन अब पूरे द्वीपसमूह में व्यापक रूप से उपलब्ध हैं जिसमें पारंपरिक व्यंजनों की एक विशेषता है जावा के व्यंजनों में प्रमुख स्वाद मूंगफली मिर्च चीनी विशेष रूप से जावा की नारियल चीनी और विभिन्न सुगंधित मसालों का होता है।
6305371240681881803.wav	जावा के व्यंजन अब पूरे द्वीपसमूह में व्यापक रूप से उपलब्ध हैं, जिसमें पारंपरिक व्यंजनों की एक विशेषता है, जावा के व्यंजनों में प्रमुख स्वाद मूंगफली, मिर्च, चीनी (विशेष रूप से जावा की नारियल चीनी) और विभिन्न सुगंधित मसालों का होता है।	जावा के व्यंजन अब पूरे द्वीपसमूह में व्यापक रूप से उपलब्ध हैं जिसमें पारंपरिक व्यंजनों की एक विशेषता है जावा के व्यंजनों में प्रमुख स्वाद मूंगफली मिर्च चीनी विशेष रूप से जावा की नारियल चीनी और विभिन्न सुगंधित मसालों का होता है।
16455842468742980101.wav	साल का सबसे बड़ा टूर्नामेंट दिसंबर में लास कैनिटास के पोलो मैदान में होता है.	साल का सबसे बड़ा टूर्नामेंट दिसंबर में लास कैनिटास के पोलो मैदान में होता है
12048117969720983047.wav	डॉ मॉल का मानना है कि कुछ रोगियों का अस्पताल में ही संक्रमण हुआ होगा, और इन में कम से कम दो अस्पताल स्वास्थ्य कार्यकर्ता थे।	डॉ मॉल का मानना है कि कुछ रोगियों का अस्पताल में ही संक्रमण हुआ होगा और इन में कम से कम दो अस्पताल स्वास्थ्य कार्यकर्ता थे
1263343886149452395.wav	डॉ मॉल का मानना है कि कुछ रोगियों का अस्पताल में ही संक्रमण हुआ होगा, और इन में कम से कम दो अस्पताल स्वास्थ्य कार्यकर्ता थे।	डॉ मॉल का मानना है कि कुछ रोगियों का अस्पताल में ही संक्रमण हुआ होगा और इन में कम से कम दो अस्पताल स्वास्थ्य कार्यकर्ता थे
8089559005308393176.wav	अंतर्देशीय जलमार्ग आनेवाली छुट्टियों के लिए एक अच्छा विषय हो सकता है।	अंतर्देशीय जलमार्ग आनेवाली छुट्टियों के लिए एक अच्छा विषय हो सकता है
4374146930132368423.wav	अंतर्देशीय जलमार्ग आनेवाली छुट्टियों के लिए एक अच्छा विषय हो सकता है।	अंतर्देशीय जलमार्ग आनेवाली छुट्टियों के लिए एक अच्छा विषय हो सकता है
386806656898138188.wav	अंतर्देशीय जलमार्ग आनेवाली छुट्टियों के लिए एक अच्छा विषय हो सकता है।	अंतर्देशीय जलमार्ग आनेवाली छुट्टियों के लिए एक अच्छा विषय हो सकता है
9007404425603661263.wav	जापान में, पहले चेरी ब्लॉसम पार्टियों को सम्राट द्वारा केवल खुद और अपने खास समुदायों के अन्य सदस्यों के लिए इंपीरियल न्यायालय के आसपास होस्ट किया जाता था।	जापान में पहले चेरी ब्लॉसम पार्टियों को सम्राट द्वारा केवल खुद और अपने खास समुदायों के अन्य सदस्यों के लिए इंपीरियल न्यायालय के आसपास होस्ट किया जाता था
16275362389611003061.wav	जापान में, पहले चेरी ब्लॉसम पार्टियों को सम्राट द्वारा केवल खुद और अपने खास समुदायों के अन्य सदस्यों के लिए इंपीरियल न्यायालय के आसपास होस्ट किया जाता था।	जापान में पहले चेरी ब्लॉसम पार्टियों को सम्राट द्वारा केवल खुद और अपने खास समुदायों के अन्य सदस्यों के लिए इंपीरियल न्यायालय के आसपास होस्ट किया जाता था
14551730906921424913.wav	फिलीपींस की विजय में अमेरिकी साम्राज्यवाद के युद्ध व्यय का भुगतान फिलिपिनो के लोगों ने खुद किया था.	फिलीपींस की विजय में अमेरिकी साम्राज्यवाद के युद्ध व्यय का भुगतान फिलिपिनो के लोगों ने खुद किया था
1934823659027704691.wav	फिलीपींस की विजय में अमेरिकी साम्राज्यवाद के युद्ध व्यय का भुगतान फिलिपिनो के लोगों ने खुद किया था.	फिलीपींस की विजय में अमेरिकी साम्राज्यवाद के युद्ध व्यय का भुगतान फिलिपिनो के लोगों ने खुद किया था
1405763141484043938.wav	फिलीपींस की विजय में अमेरिकी साम्राज्यवाद के युद्ध व्यय का भुगतान फिलिपिनो के लोगों ने खुद किया था.	फिलीपींस की विजय में अमेरिकी साम्राज्यवाद के युद्ध व्यय का भुगतान फिलिपिनो के लोगों ने खुद किया था
5050468056664703274.wav	अरब के लोग इस धरती पर इस्लाम भी लेकर आए, और उसे कोमोरोस और मेयोटे में बड़े पैमाने पर फैलाया.	अरब के लोग इस धरती पर इस्लाम भी लेकर आए और उसे कोमोरोस और मेयोटे में बड़े पैमाने पर फैलाया
15750980517155327271.wav	एनएसए के रूप में, उन्होंने कूटनीतिक रूप से विश्व मामलों को संभालने में कार्टर की सहायता की, जैसे कि कैंप डेविड एकॉर्ड्स, 1978; 1970 के दशक के अंत में अमेरिका-चीन संबंधों को सामान्य बनाना; ईरानी क्रांति, जो ईरान बंधक संकट का कारण बनी, 1979; और अफ़गानिस्तान में सोवियत आक्रमण, 1979.	एनएसए के रूप में उन्होंने कूटनीतिक रूप से विश्व मामलों को संभालने में कार्टर की सहायता की जैसे कि कैंप डेविड एकॉर्ड्स 1978 1970 के दशक के अंत में अमेरिका-चीन संबंधों को सामान्य बनाना ईरानी क्रांति जो ईरान बंधक संकट का कारण बनी 1979 और अफ़गानिस्तान में सोवियत आक्रमण 1979
4878710649905458846.wav	ऑन साइट गतिविधियों के उदाहरणों में शामिल है शिकार, मछली पकड़ना, फोटोग्राफी, बर्ड वॉचिंग और पार्कों का दौरा करना और पारिस्थितिकी तंत्र के बारे में जानकारी का अध्ययन करना।	ऑन साइट गतिविधियों के उदाहरणों में शामिल है शिकार मछली पकड़ना फोटोग्राफी बर्ड वॉचिंग और पार्कों का दौरा करना और पारिस्थितिकी तंत्र के बारे में जानकारी का अध्ययन करना
2077468279370755481.wav	फिलीपींस के राजधानी मनीला में एक पूर्व फिलिपिनो पुलिसकर्मी ने उनकी बस को अपहरण करके हांगकांग के पर्यटकों को बंधक बना रखा है।	फिलीपींस के राजधानी मनीला में एक पूर्व फिलिपिनो पुलिसकर्मी ने उनकी बस को अपहरण करके हांगकांग के पर्यटकों को बंधक बना रखा है
10769152509110502346.wav	अर्जेंटीना दुनिया में सबसे अच्छी पोलो टीम और खिलाड़ियों के लिए जाना जाता है.	अर्जेंटीना दुनिया में सबसे अच्छी पोलो टीम और खिलाड़ियों के लिए जाना जाता है
777615229253062668.wav	अर्जेंटीना दुनिया में सबसे अच्छी पोलो टीम और खिलाड़ियों के लिए जाना जाता है.	अर्जेंटीना दुनिया में सबसे अच्छी पोलो टीम और खिलाड़ियों के लिए जाना जाता है
3688449527253949554.wav	अंतरिक्ष में उपग्रह को कॉल मिलता है और फिर इसे वापस नीचे, उसी समय परावर्तित करता है.	अंतरिक्ष में उपग्रह को कॉल मिलता है और फिर इसे वापस नीचे उसी समय परावर्तित करता है
16187768880234873846.wav	हाथ से बने प्रोडक्ट एंटीक के रूप में परिभाषित किए जा सकते हैं. हालाँकि वे बड़े पैमाने पर बनाए जाने वाले सामानों के मुकाबले कम पुराने होते हैं.	हाथ से बने प्रोडक्ट एंटीक के रूप में परिभाषित किए जा सकते हैं हालांकि वे बड़े पैमाने पर बनाए जाने वाले सामानों के मुकाबले कम पुराने होते हैं
99975080950686564.wav	हाथ से बने प्रोडक्ट एंटीक के रूप में परिभाषित किए जा सकते हैं. हालाँकि वे बड़े पैमाने पर बनाए जाने वाले सामानों के मुकाबले कम पुराने होते हैं.	हाथ से बने प्रोडक्ट एंटीक के रूप में परिभाषित किए जा सकते हैं हालांकि वे बड़े पैमाने पर बनाए जाने वाले सामानों के मुकाबले कम पुराने होते हैं
7714700188270554533.wav	इस सीज़न में बीमारी के शुरुआती मामले जुलाई के आखिर में सामने आए थे.	इस सीज़न में बीमारी के शुरुआती मामले जुलाई के आखिर में सामने आए थे
8349397068609952920.wav	इस सीज़न में बीमारी के शुरुआती मामले जुलाई के आखिर में सामने आए थे.	इस सीज़न में बीमारी के शुरुआती मामले जुलाई के आखिर में सामने आए थे
10028896103651079035.wav	वैज्ञानिकों का मानना है कि ओसेलोट्स गंध के द्वारा जानवरों का पीछा करते और खाते (शिकार) हैं, यह सूँघते हुए कि वे ज़मीन पर कहाँ रहे होंगे।	वैज्ञानिकों का मानना है कि ओसेलोट्स गंध के द्वारा जानवरों का पीछा करते और खाते शिकार हैं यह सूँघते हुए कि वे ज़मीन पर कहाँ रहे होंगे।
308734096368936699.wav	इसकी सर्वव्यापी शक्ति ने राजा से लेकर आम तक सभी को प्रभावित किया.	इसकी सर्वव्यापी शक्ति ने राजा से लेकर आम तक सभी को प्रभावित किया
1309064774520455923.wav	इसकी सर्वव्यापी शक्ति ने राजा से लेकर आम तक सभी को प्रभावित किया.	इसकी सर्वव्यापी शक्ति ने राजा से लेकर आम तक सभी को प्रभावित किया
16043260817697113044.wav	इसकी सर्वव्यापी शक्ति ने राजा से लेकर आम तक सभी को प्रभावित किया.	इसकी सर्वव्यापी शक्ति ने राजा से लेकर आम तक सभी को प्रभावित किया
17047821823769623187.wav	बर्फीले और हिममय सड़कों पर, घर्षण कम होता है और आप ड्राइव नहीं कर सकेंगे जैसे कि आप केवल डामर पर चला रहे हों।	बर्फीले और हिममय सड़कों पर घर्षण कम होता है और आप ड्राइव नहीं कर सकेंगे जैसे कि आप केवल डामर पर चला रहे हों
17210039473735376962.wav	महिलाओं को यह बात समझ लेनी चाहिए कि सांस्कृतिक मतभेदों के कारण उन्हें उत्पीड़न का सामना करना पड़ सकता है और ऐसा हो सकता है कि उनका पीछा हो या फिर कोई उनकी बाँह ज़बरदस्ती पकड़ ले, इत्यादि।	महिलाओं को यह बात समझ लेनी चाहिए कि सांस्कृतिक मतभेदों के कारण उन्हें उत्पीड़न का सामना करना पड़ सकता है और ऐसा हो सकता है कि उनका पीछा हो या फिर कोई उनकी बांह ज़बरदस्ती पकड़ ले इत्यादि
2838707597699735709.wav	कई मामलों में, विदेश में किसी एक साल के गैप वाले कोर्स में दाखिला लेने से, असल में आपको अपने देश में उच्च शिक्षा वाले किसी कोर्स में दाखिला लेने की संभावना बढ़ जाती है.	कई मामलों में विदेश में किसी एक साल के गैप वाले कोर्स में दाखिला लेने से असल में आपको अपने देश में उच्च शिक्षा वाले किसी कोर्स में दाखिला लेने की संभावना बढ़ जाती है
11122003558125069661.wav	कई मामलों में, विदेश में किसी एक साल के गैप वाले कोर्स में दाखिला लेने से, असल में आपको अपने देश में उच्च शिक्षा वाले किसी कोर्स में दाखिला लेने की संभावना बढ़ जाती है.	कई मामलों में विदेश में किसी एक साल के गैप वाले कोर्स में दाखिला लेने से असल में आपको अपने देश में उच्च शिक्षा वाले किसी कोर्स में दाखिला लेने की संभावना बढ़ जाती है
18157220316057831350.wav	समय के साथ, जैसे-जैसे नई आबादी नए माहौल में ढलती जाती है, वह भी दूसरी आबादी की तरह अनदेखी करना शुरू कर देती है.	समय के साथ जैसे-जैसे नई आबादी नए माहौल में ढलती जाती है वह भी दूसरी आबादी की तरह अनदेखी करना शुरू कर देती है
2245904013975089341.wav	समय के साथ, जैसे-जैसे नई आबादी नए माहौल में ढलती जाती है, वह भी दूसरी आबादी की तरह अनदेखी करना शुरू कर देती है.	समय के साथ जैसे-जैसे नई आबादी नए माहौल में ढलती जाती है वह भी दूसरी आबादी की तरह अनदेखी करना शुरू कर देती है
10453806420280704597.wav	समय के साथ, जैसे-जैसे नई आबादी नए माहौल में ढलती जाती है, वह भी दूसरी आबादी की तरह अनदेखी करना शुरू कर देती है.	समय के साथ जैसे-जैसे नई आबादी नए माहौल में ढलती जाती है वह भी दूसरी आबादी की तरह अनदेखी करना शुरू कर देती है
3930050428652245225.wav	एनएचके ने भी सूचना दी कि निगाता प्रांत में काशीवाज़की करिवा परमाणु ऊर्जा संयंत्र सामान्य रूप से काम कर रहा था.	एनएचके ने भी सूचना दी कि निगाता प्रांत में काशीवाज़की करिवा परमाणु ऊर्जा संयंत्र सामान्य रूप से काम कर रहा था
6662281069546503539.wav	जबकी हमारे माल के अस्सी प्रतिशत पर केंद्रीय अमेरिकन देशों द्वारा कर लगाया गया। फिर भी हम आपका इलाज करते हैं।	जबकी हमारे माल के अस्सी प्रतिशत पर केंद्रीय अमेरिकन देशों द्वारा कर लगाया गया फिर भी हम आपका इलाज करते हैं
4699979963207759509.wav	जबकी हमारे माल के अस्सी प्रतिशत पर केंद्रीय अमेरिकन देशों द्वारा कर लगाया गया। फिर भी हम आपका इलाज करते हैं।	जबकी हमारे माल के अस्सी प्रतिशत पर केंद्रीय अमेरिकन देशों द्वारा कर लगाया गया फिर भी हम आपका इलाज करते हैं
7789968169627649168.wav	NPWS और ऑस्ट्रेलिया के स्पोर्टिंग शूटर्स एसोसिएशन (NSW) के बीच साझेदारी में टैलेंट हंटिंग शो के तहत काबिल स्वयंसेवकों की भर्ती की गई थी.	npws और ऑस्ट्रेलिया के स्पोर्टिंग शूटर्स एसोसिएशन nsw के बीच साझेदारी में टैलेंट हंटिंग शो के तहत काबिल स्वयंसेवकों की भर्ती की गई थी
18166264438718137474.wav	NPWS और ऑस्ट्रेलिया के स्पोर्टिंग शूटर्स एसोसिएशन (NSW) के बीच साझेदारी में टैलेंट हंटिंग शो के तहत काबिल स्वयंसेवकों की भर्ती की गई थी.	npws और ऑस्ट्रेलिया के स्पोर्टिंग शूटर्स एसोसिएशन nsw के बीच साझेदारी में टैलेंट हंटिंग शो के तहत काबिल स्वयंसेवकों की भर्ती की गई थी
4009454275929853161.wav	NPWS और ऑस्ट्रेलिया के स्पोर्टिंग शूटर्स एसोसिएशन (NSW) के बीच साझेदारी में टैलेंट हंटिंग शो के तहत काबिल स्वयंसेवकों की भर्ती की गई थी.	npws और ऑस्ट्रेलिया के स्पोर्टिंग शूटर्स एसोसिएशन nsw के बीच साझेदारी में टैलेंट हंटिंग शो के तहत काबिल स्वयंसेवकों की भर्ती की गई थी
2058454353332567479.wav	महाद्वीप से लंबी दूरी होने के कारण, स्तनधारी यात्रा करने में असमर्थ थे जिसने विशाल कछुए को गैलापागोस में चरने वाला प्राथमिक जानवर बना दिया।	महाद्वीप से लंबी दूरी होने के कारण स्तनधारी यात्रा करने में असमर्थ थे जिसने विशाल कछुए को गैलापागोस में चरने वाला प्राथमिक जानवर बना दिया
6230848851428334476.wav	एआई में अनुसंधान में ऐसे कार्यों को स्वचालित करने के लिए मशीनें बनाना शामिल है जिनमें बुद्धिमान व्यवहार की आवश्यकता होती है।	एआई में अनुसंधान में ऐसे कार्यों को स्वचालित करने के लिए मशीनें बनाना शामिल है जिनमें बुद्धिमान व्यवहार की आवश्यकता होती है
17191455332118982616.wav	एआई में अनुसंधान में ऐसे कार्यों को स्वचालित करने के लिए मशीनें बनाना शामिल है जिनमें बुद्धिमान व्यवहार की आवश्यकता होती है।	एआई में अनुसंधान में ऐसे कार्यों को स्वचालित करने के लिए मशीनें बनाना शामिल है जिनमें बुद्धिमान व्यवहार की आवश्यकता होती है
12857528874826028508.wav	पुलिस ने कहा कि शव लगभग एक दिन पुराना है.	पुलिस ने कहा कि शव लगभग एक दिन पुराना है
6599140300737137236.wav	पुलिस ने कहा कि शव लगभग एक दिन पुराना है.	पुलिस ने कहा कि शव लगभग एक दिन पुराना है
4006648279216781989.wav	पुलिस ने कहा कि शव लगभग एक दिन पुराना है.	पुलिस ने कहा कि शव लगभग एक दिन पुराना है
3030714844949284378.wav	क्रिसमस ईसाई धर्म का एक सबसे महत्वपूर्ण अवकाश है और इसे यीशू के जन्मदिन के रूप में मनाया जाता है.	क्रिसमस ईसाई धर्म का एक सबसे महत्वपूर्ण अवकाश है और इसे यीशू के जन्मदिन के रूप में मनाया जाता है
16364535571837419212.wav	क्रिसमस ईसाई धर्म का एक सबसे महत्वपूर्ण अवकाश है और इसे यीशू के जन्मदिन के रूप में मनाया जाता है.	क्रिसमस ईसाई धर्म का एक सबसे महत्वपूर्ण अवकाश है और इसे यीशू के जन्मदिन के रूप में मनाया जाता है
7456972534767024262.wav	क्रिसमस ईसाई धर्म का एक सबसे महत्वपूर्ण अवकाश है और इसे यीशू के जन्मदिन के रूप में मनाया जाता है.	क्रिसमस ईसाई धर्म का एक सबसे महत्वपूर्ण अवकाश है और इसे यीशू के जन्मदिन के रूप में मनाया जाता है
126305394963927730.wav	जब टिप्पणी के लिए कहा गया, तो मिलर ने कहा, “माइक सुनते समय बहुत सारी बातें करता है ... मैं तैयार हो रहा था इसलिए वह जो कह रहा था मैं वास्तव में उसे सुन नहीं रहा था”.	जब टिप्पणी के लिए कहा गया तो मिलर ने कहा माइक सुनते समय बहुत सारी बातें करता है मैं तैयार हो रहा था इसलिए वह जो कह रहा था मैं वास्तव में उसे सुन नहीं रहा था
4200211763915509320.wav	जब टिप्पणी के लिए कहा गया, तो मिलर ने कहा, “माइक सुनते समय बहुत सारी बातें करता है ... मैं तैयार हो रहा था इसलिए वह जो कह रहा था मैं वास्तव में उसे सुन नहीं रहा था”.	जब टिप्पणी के लिए कहा गया तो मिलर ने कहा माइक सुनते समय बहुत सारी बातें करता है मैं तैयार हो रहा था इसलिए वह जो कह रहा था मैं वास्तव में उसे सुन नहीं रहा था
7770318110791441263.wav	वे गुण जो किसी उप-संस्कृति को अलग बनाते हैं, जैसे कि भाषा, सौंदर्य, धर्म, राजनीति, यौन, भूगोल या कई सारे कारकों का मिश्रण हो सकते हैं.	वे गुण जो किसी उप-संस्कृति को अलग बनाते हैं जैसे कि भाषा सौंदर्य धर्म राजनीति यौन भूगोल या कई सारे कारकों का मिश्रण हो सकते हैं
14162976417642804004.wav	वे गुण जो किसी उप-संस्कृति को अलग बनाते हैं, जैसे कि भाषा, सौंदर्य, धर्म, राजनीति, यौन, भूगोल या कई सारे कारकों का मिश्रण हो सकते हैं.	वे गुण जो किसी उप-संस्कृति को अलग बनाते हैं जैसे कि भाषा सौंदर्य धर्म राजनीति यौन भूगोल या कई सारे कारकों का मिश्रण हो सकते हैं
3713345037046283776.wav	अमेज़न धरती की सबसे चौड़ी नदी भी है, जो कभी-कभी छह मील जितनी चौड़ी हो जाती है.	अमेज़न धरती की सबसे चौड़ी नदी भी है जो कभी-कभी छह मील जितनी चौड़ी हो जाती है
3278897377488818776.wav	किसी समझौते पर हस्ताक्षर होने के बाद इज़राइल, वर्तमान सैन्य स्थिति को अगले दस सालों तक बनाए रखने की मांग करता है, जबकि पीए वर्तमान सैन्य स्थिति को केवल पांच साल तक जारी रखने के लिए सहमत है।	किसी समझौते पर हस्ताक्षर होने के बाद इज़राइल वर्तमान सैन्य स्थिति को अगले दस सालों तक बनाए रखने की मांग करता है जबकि पीए वर्तमान सैन्य स्थिति को केवल पांच साल तक जारी रखने के लिए सहमत है
6415914253150788150.wav	डेविड क्लोकर एरेनस्ट्रॉल ने 2000 में अपना 1000वाँ शानदार स्टैंप “ग्रेट डीड्स बाय स्वीडिश किंग्स” बनाया था. इसे गिनीज बुक ऑफ़ वर्ल्ड रिकॉर्ड में शामिल किया गया है.	डेविड क्लोकर एरेनस्ट्रॉल ने 2000 में अपना 1000वां शानदार स्टैंप ग्रेट डीड्स बाय स्वीडिश किंग्स बनाया था इसे गिनीज बुक ऑफ़ वर्ल्ड रिकॉर्ड में शामिल किया गया है
16832387969928342242.wav	हालांकि तीन लोग घर के अन्दर थे फिर भी जब कार टकराई तब किसी को भी चोट नहीं आई।	हालांकि तीन लोग घर के अन्दर थे फिर भी जब कार टकराई तब किसी को भी चोट नहीं आई
2779992619492107297.wav	हालांकि तीन लोग घर के अन्दर थे फिर भी जब कार टकराई तब किसी को भी चोट नहीं आई।	हालांकि तीन लोग घर के अन्दर थे फिर भी जब कार टकराई तब किसी को भी चोट नहीं आई
7160857455644897844.wav	यह मुझे समझ में नहीं आया; यह निश्चित रूप से उचित नहीं था।	यह मुझे समझ में नहीं आया यह निश्चित रूप से उचित नहीं था
5972362830616002892.wav	यह मुझे समझ में नहीं आया; यह निश्चित रूप से उचित नहीं था।	यह मुझे समझ में नहीं आया यह निश्चित रूप से उचित नहीं था
10322493392875105700.wav	पूर्व हाउस स्पीकर न्यूट गिंग्रिच, टेक्सास के गर्वनर रिक पैरी, और कांग्रेसवुमन मिशेल बैचमैन ने क्रमश: चौथा, पाँचवाँ और छठा स्थान हासिल किया.	पूर्व हाउस स्पीकर न्यूट गिंग्रिच टेक्सास के गर्वनर रिक पैरी और कांग्रेसवुमन मिशेल बैचमैन ने क्रमश चौथा पांचवां और छठा स्थान हासिल किया
7310461321326292121.wav	पूर्व हाउस स्पीकर न्यूट गिंग्रिच, टेक्सास के गर्वनर रिक पैरी, और कांग्रेसवुमन मिशेल बैचमैन ने क्रमश: चौथा, पाँचवाँ और छठा स्थान हासिल किया.	पूर्व हाउस स्पीकर न्यूट गिंग्रिच टेक्सास के गर्वनर रिक पैरी और कांग्रेसवुमन मिशेल बैचमैन ने क्रमश चौथा पांचवां और छठा स्थान हासिल किया
15432971501523592448.wav	पूर्व हाउस स्पीकर न्यूट गिंग्रिच, टेक्सास के गर्वनर रिक पैरी, और कांग्रेसवुमन मिशेल बैचमैन ने क्रमश: चौथा, पाँचवाँ और छठा स्थान हासिल किया.	पूर्व हाउस स्पीकर न्यूट गिंग्रिच टेक्सास के गर्वनर रिक पैरी और कांग्रेसवुमन मिशेल बैचमैन ने क्रमश चौथा पांचवां और छठा स्थान हासिल किया
5607496001416985935.wav	बफ़ेलो-पिट्सबर्ग हाइवे पर पॉइंट मैरियन और फ़ेयरमोंट के बीच का हिस्सा गाड़ी चलाने की सबसे चुनौती भरी स्थितियाँ पैदा करता है, जहाँ रास्ता अक्सर सुनसान जंगल के बीच से होकर गुज़रता है.	बफ़ेलो-पिट्सबर्ग हाइवे पर पॉइंट मैरियन और फ़ेयरमोंट के बीच का हिस्सा गाड़ी चलाने की सबसे चुनौती भरी स्थितियां पैदा करता है जहां रास्ता अक्सर सुनसान जंगल के बीच से होकर गुज़रता है
17287937857693584503.wav	बफ़ेलो-पिट्सबर्ग हाइवे पर पॉइंट मैरियन और फ़ेयरमोंट के बीच का हिस्सा गाड़ी चलाने की सबसे चुनौती भरी स्थितियाँ पैदा करता है, जहाँ रास्ता अक्सर सुनसान जंगल के बीच से होकर गुज़रता है.	बफ़ेलो-पिट्सबर्ग हाइवे पर पॉइंट मैरियन और फ़ेयरमोंट के बीच का हिस्सा गाड़ी चलाने की सबसे चुनौती भरी स्थितियां पैदा करता है जहां रास्ता अक्सर सुनसान जंगल के बीच से होकर गुज़रता है
11636485706819037033.wav	स्पेन के लोगों ने उपनिवेश काल की शुरुआत की, जो तीन शताब्दियों तक जारी रहा.	स्पेन के लोगों ने उपनिवेश काल की शुरुआत की जो तीन शताब्दियों तक जारी रहा
9976638384571281068.wav	स्पेन के लोगों ने उपनिवेश काल की शुरुआत की, जो तीन शताब्दियों तक जारी रहा.	स्पेन के लोगों ने उपनिवेश काल की शुरुआत की जो तीन शताब्दियों तक जारी रहा
4562605911728490657.wav	स्पेन के लोगों ने उपनिवेश काल की शुरुआत की, जो तीन शताब्दियों तक जारी रहा.	स्पेन के लोगों ने उपनिवेश काल की शुरुआत की जो तीन शताब्दियों तक जारी रहा
11955664484384129932.wav	चूँकि बिशकेक की गलियों में कानून लागू करने वाले अधिकारी मौजूद नहीं थे, तो पूरी रात बड़े पैमाने पर लूट जारी रहने की सूचना मिली है.	चूंकि बिशकेक की गलियों में कानून लागू करने वाले अधिकारी मौजूद नहीं थे तो पूरी रात बड़े पैमाने पर लूट जारी रहने की सूचना मिली है
4772500206433514802.wav	चूँकि बिशकेक की गलियों में कानून लागू करने वाले अधिकारी मौजूद नहीं थे, तो पूरी रात बड़े पैमाने पर लूट जारी रहने की सूचना मिली है.	चूंकि बिशकेक की गलियों में कानून लागू करने वाले अधिकारी मौजूद नहीं थे तो पूरी रात बड़े पैमाने पर लूट जारी रहने की सूचना मिली है
18004497288808894341.wav	हम पर्यावरण के साथ ज़्यादा दोस्ताना तरीके से रहना शुरू कर सकते हैं, इसके लिए पर्यावरण आंदोलन में शामिल हो सकते हैं, और हम भविष्य को कुछ हद तक कष्ट से बचाने के लिए पर्यावरण कार्यकर्ता भी बन सकते हैं.	हम पर्यावरण के साथ ज़्यादा दोस्ताना तरीके से रहना शुरू कर सकते हैं इसके लिए पर्यावरण आंदोलन में शामिल हो सकते हैं और हम भविष्य को कुछ हद तक कष्ट से बचाने के लिए पर्यावरण कार्यकर्ता भी बन सकते हैं
13971367273404298857.wav	न्यू किंगडम प्राचीन मिस्रवासी अपने पूर्ववर्तियों के स्मारकों से आश्चर्यचकित थे, जो तब एक हज़ार वर्ष से अधिक पुराने थे।	न्यू किंगडम प्राचीन मिस्रवासी अपने पूर्ववर्तियों के स्मारकों से आश्चर्यचकित थे जो तब एक हज़ार वर्ष से अधिक पुराने थे
14190786512585155978.wav	सर्दी का मौसम भ्रामक तौर से ठंडा हो सकता है: तापमान शायद ही कभी बर्फीला हो, लेकिन हवा और नमी के गठबंधन से थर्मामीटर के तापमान से अधिक ठंड महसूस हो सकती है।	सर्दी का मौसम भ्रामक तौर से ठंडा हो सकता है तापमान शायद ही कभी बर्फीला हो लेकिन हवा और नमी के गठबंधन से थर्मामीटर के तापमान से अधिक ठंड महसूस हो सकती है
9209549110310952352.wav	तरलता के आधार पर एक करी “सूखी” या “गीली” हो सकती है.	तरलता के आधार पर एक करी सूखी या गीली हो सकती है
15168272720114107384.wav	तरलता के आधार पर एक करी “सूखी” या “गीली” हो सकती है.	तरलता के आधार पर एक करी सूखी या गीली हो सकती है
4363242317049009306.wav	तरलता के आधार पर एक करी “सूखी” या “गीली” हो सकती है.	तरलता के आधार पर एक करी सूखी या गीली हो सकती है
11924274050066828963.wav	साथ ही संयुक्त राष्ट्र संघ वैश्विक तापवृद्धि (ग्लोबल वार्मिंग) से प्रभावित देशों को इसके प्रभावों से निपटने में सहायता करने के लिए एक निधि को एकत्र करने की आशा करता है।	साथ ही संयुक्त राष्ट्र संघ वैश्विक तापवृद्धि ग्लोबल वार्मिंग से प्रभावित देशों को इसके प्रभावों से निपटने में सहायता करने के लिए एक निधि को एकत्र करने की आशा करता है।
2954404154413890757.wav	साथ ही संयुक्त राष्ट्र संघ वैश्विक तापवृद्धि (ग्लोबल वार्मिंग) से प्रभावित देशों को इसके प्रभावों से निपटने में सहायता करने के लिए एक निधि को एकत्र करने की आशा करता है।	साथ ही संयुक्त राष्ट्र संघ वैश्विक तापवृद्धि ग्लोबल वार्मिंग से प्रभावित देशों को इसके प्रभावों से निपटने में सहायता करने के लिए एक निधि को एकत्र करने की आशा करता है।
11185860415976851113.wav	साथ ही संयुक्त राष्ट्र संघ वैश्विक तापवृद्धि (ग्लोबल वार्मिंग) से प्रभावित देशों को इसके प्रभावों से निपटने में सहायता करने के लिए एक निधि को एकत्र करने की आशा करता है।	साथ ही संयुक्त राष्ट्र संघ वैश्विक तापवृद्धि ग्लोबल वार्मिंग से प्रभावित देशों को इसके प्रभावों से निपटने में सहायता करने के लिए एक निधि को एकत्र करने की आशा करता है।
16074294986184393215.wav	जैसे ही आप धारा से निकल आते हैं, पीछे की ओर तैरने में कोई खास मुश्किल नहीं होती है.	जैसे ही आप धारा से निकल आते हैं पीछे की ओर तैरने में कोई खास मुश्किल नहीं होती है
15542436192802298300.wav	जैसे ही आप धारा से निकल आते हैं, पीछे की ओर तैरने में कोई खास मुश्किल नहीं होती है.	जैसे ही आप धारा से निकल आते हैं पीछे की ओर तैरने में कोई खास मुश्किल नहीं होती है
5093399558220017966.wav	प्रथम विश्व युद्ध के दौरान युद्ध की भयानकता और अत्याचारों को देखने के बाद, राष्ट्र भविष्य में ऐसी स्थिति से बचने के लिए कामना करता है ।	प्रथम विश्व युद्ध के दौरान युद्ध की भयानकता और अत्याचारों को देखने के बाद राष्ट्र भविष्य में ऐसी स्थिति से बचने के लिए कामना करता है
11625356119871723360.wav	प्रथम विश्व युद्ध के दौरान युद्ध की भयानकता और अत्याचारों को देखने के बाद, राष्ट्र भविष्य में ऐसी स्थिति से बचने के लिए कामना करता है ।	प्रथम विश्व युद्ध के दौरान युद्ध की भयानकता और अत्याचारों को देखने के बाद राष्ट्र भविष्य में ऐसी स्थिति से बचने के लिए कामना करता है
14305143421079262179.wav	खुली बहस और मध्य पूर्व की ओर नीति के बारे में संयुक्त राज्य अमेरिका में आम सहमति बनाने के लिए रिपोर्ट एक याचिका के साथ खुलती है.	खुली बहस और मध्य पूर्व की ओर नीति के बारे में संयुक्त राज्य अमेरिका में आम सहमति बनाने के लिए रिपोर्ट एक याचिका के साथ खुलती है
14156493267883433925.wav	पूर्वी अफ्रीकी द्वीप, अफ्रीका के पूर्वी तट के परे हिंद महासागर में हैं।	पूर्वी अफ्रीकी द्वीप अफ्रीका के पूर्वी तट के परे हिंद महासागर में हैं
3510033304986400156.wav	पूर्वी अफ्रीकी द्वीप, अफ्रीका के पूर्वी तट के परे हिंद महासागर में हैं।	पूर्वी अफ्रीकी द्वीप अफ्रीका के पूर्वी तट के परे हिंद महासागर में हैं
9400334084333365946.wav	पूर्वी अफ्रीकी द्वीप, अफ्रीका के पूर्वी तट के परे हिंद महासागर में हैं।	पूर्वी अफ्रीकी द्वीप अफ्रीका के पूर्वी तट के परे हिंद महासागर में हैं
2973219805521600356.wav	एक दिन में केवल अठारह मैडल उपलब्ध होने के कारण, कई देश मैडल पोडियम पर चढ़ने में विफल रहे.	एक दिन में केवल अठारह मैडल उपलब्ध होने के कारण कई देश मैडल पोडियम पर चढ़ने में विफल रहे
7323899185724356970.wav	एक दिन में केवल अठारह मैडल उपलब्ध होने के कारण, कई देश मैडल पोडियम पर चढ़ने में विफल रहे.	एक दिन में केवल अठारह मैडल उपलब्ध होने के कारण कई देश मैडल पोडियम पर चढ़ने में विफल रहे
9856841440926009813.wav	एक दिन में केवल अठारह मैडल उपलब्ध होने के कारण, कई देश मैडल पोडियम पर चढ़ने में विफल रहे.	एक दिन में केवल अठारह मैडल उपलब्ध होने के कारण कई देश मैडल पोडियम पर चढ़ने में विफल रहे
14547992024385909956.wav	इसकी सापेक्ष अगम्यता के कारण, “टिम्बकटू” का उपयोग, दूर स्थित भूमि के रूपक के रूप में किया जाने लगा है.	इसकी सापेक्ष अगम्यता के कारण टिम्बकटू का उपयोग दूर स्थित भूमि के रूपक के रूप में किया जाने लगा है
6212823387076275922.wav	इसकी सापेक्ष अगम्यता के कारण, “टिम्बकटू” का उपयोग, दूर स्थित भूमि के रूपक के रूप में किया जाने लगा है.	इसकी सापेक्ष अगम्यता के कारण टिम्बकटू का उपयोग दूर स्थित भूमि के रूपक के रूप में किया जाने लगा है
14826167258984995017.wav	आख़िरकार, लोहे के पहियों ने लकड़ी के पहियों की जगह ले ली. 1767 में, पूरी तरह लोहे से बनी रेल की शुरुआत हो गई.	आख़िरकार लोहे के पहियों ने लकड़ी के पहियों की जगह ले ली 1767 में पूरी तरह लोहे से बनी रेल की शुरुआत हो गई
12409483654617280591.wav	आख़िरकार, लोहे के पहियों ने लकड़ी के पहियों की जगह ले ली. 1767 में, पूरी तरह लोहे से बनी रेल की शुरुआत हो गई.	आख़िरकार लोहे के पहियों ने लकड़ी के पहियों की जगह ले ली 1767 में पूरी तरह लोहे से बनी रेल की शुरुआत हो गई
15637318958561183784.wav	हाथी और जिराफ़ जैसे कुछ जानवर, कारों के बहुत करीब चले आते हैं और मानक उपकरण से अच्छा नज़ारा दिखाई देगा.	हाथी और जिराफ़ जैसे कुछ जानवर कारों के बहुत करीब चले आते हैं और मानक उपकरण से अच्छा नज़ारा दिखाई देगा
14733972733964668077.wav	हाथी और जिराफ़ जैसे कुछ जानवर, कारों के बहुत करीब चले आते हैं और मानक उपकरण से अच्छा नज़ारा दिखाई देगा.	हाथी और जिराफ़ जैसे कुछ जानवर कारों के बहुत करीब चले आते हैं और मानक उपकरण से अच्छा नज़ारा दिखाई देगा
2904654230018893182.wav	हाथी और जिराफ़ जैसे कुछ जानवर, कारों के बहुत करीब चले आते हैं और मानक उपकरण से अच्छा नज़ारा दिखाई देगा.	हाथी और जिराफ़ जैसे कुछ जानवर कारों के बहुत करीब चले आते हैं और मानक उपकरण से अच्छा नज़ारा दिखाई देगा
5858094099481251375.wav	कुछ रिपोर्ट आधिकारिक मृत्यु दर आठ बताती हैं, और आधिकारिक रिपोर्टों से पुष्टि होती है कि 30 तक घायल हुए हैं; लेकिन अंतिम संख्या अभी तक ज्ञात नहीं हैं।	कुछ रिपोर्ट आधिकारिक मृत्यु दर आठ बताती हैं और आधिकारिक रिपोर्टों से पुष्टि होती है कि 30 तक घायल हुए हैं लेकिन अंतिम संख्या अभी तक ज्ञात नहीं हैं
9195457276131503091.wav	कुछ रिपोर्ट आधिकारिक मृत्यु दर आठ बताती हैं, और आधिकारिक रिपोर्टों से पुष्टि होती है कि 30 तक घायल हुए हैं; लेकिन अंतिम संख्या अभी तक ज्ञात नहीं हैं।	कुछ रिपोर्ट आधिकारिक मृत्यु दर आठ बताती हैं और आधिकारिक रिपोर्टों से पुष्टि होती है कि 30 तक घायल हुए हैं लेकिन अंतिम संख्या अभी तक ज्ञात नहीं हैं
13803602884837941019.wav	कुछ रिपोर्ट आधिकारिक मृत्यु दर आठ बताती हैं, और आधिकारिक रिपोर्टों से पुष्टि होती है कि 30 तक घायल हुए हैं; लेकिन अंतिम संख्या अभी तक ज्ञात नहीं हैं।	कुछ रिपोर्ट आधिकारिक मृत्यु दर आठ बताती हैं और आधिकारिक रिपोर्टों से पुष्टि होती है कि 30 तक घायल हुए हैं लेकिन अंतिम संख्या अभी तक ज्ञात नहीं हैं
12040070323669249358.wav	मुझे नहीं पता आपने इसपर ध्यान दिया है कि नहीं लेकिन, सेंट्रल अमेरिका से इस देश में आए ज़्यादातर प्रोडक्ट पर टैक्स नहीं लगाया जाता.	मुझे नहीं पता आपने इसपर ध्यान दिया है कि नहीं लेकिन सेंट्रल अमेरिका से इस देश में आए ज़्यादातर प्रोडक्ट पर टैक्स नहीं लगाया जाता
5951580264445542681.wav	मुझे नहीं पता आपने इसपर ध्यान दिया है कि नहीं लेकिन, सेंट्रल अमेरिका से इस देश में आए ज़्यादातर प्रोडक्ट पर टैक्स नहीं लगाया जाता.	मुझे नहीं पता आपने इसपर ध्यान दिया है कि नहीं लेकिन सेंट्रल अमेरिका से इस देश में आए ज़्यादातर प्रोडक्ट पर टैक्स नहीं लगाया जाता
16019755920688310066.wav	मुझे नहीं पता आपने इसपर ध्यान दिया है कि नहीं लेकिन, सेंट्रल अमेरिका से इस देश में आए ज़्यादातर प्रोडक्ट पर टैक्स नहीं लगाया जाता.	मुझे नहीं पता आपने इसपर ध्यान दिया है कि नहीं लेकिन सेंट्रल अमेरिका से इस देश में आए ज़्यादातर प्रोडक्ट पर टैक्स नहीं लगाया जाता
18095002437909178316.wav	शुरुआत में पोशाक, पूर्व में बीजान्टिन संस्कृति से काफी प्रभावित थी।	शुरुआत में पोशाक पूर्व में बीजान्टिन संस्कृति से काफी प्रभावित थी
13574564954041243241.wav	शुरुआत में पोशाक, पूर्व में बीजान्टिन संस्कृति से काफी प्रभावित थी।	शुरुआत में पोशाक पूर्व में बीजान्टिन संस्कृति से काफी प्रभावित थी
970546642842046845.wav	हज़ारों मील दूर किसी को कॉल करने के लिए, आप सैटेलाइट इस्तेमाल करते हैं.	हज़ारों मील दूर किसी को कॉल करने के लिए आप सैटेलाइट इस्तेमाल करते हैं
4406539557769687534.wav	हज़ारों मील दूर किसी को कॉल करने के लिए, आप सैटेलाइट इस्तेमाल करते हैं.	हज़ारों मील दूर किसी को कॉल करने के लिए आप सैटेलाइट इस्तेमाल करते हैं
2540989595543465842.wav	प्राचीन रोमन भोजन में बाद की शताब्दियों में अमेरिका या एशिया से यूरोप आए खाद्य पदार्थ शामिल नहीं हो सकते थे.	प्राचीन रोमन भोजन में बाद की शताब्दियों में अमेरिका या एशिया से यूरोप आए खाद्य पदार्थ शामिल नहीं हो सकते थे
2219350441500179211.wav	उसका पहला स्लैलम था, जहाँ उसने अपने पहले चक्र मे दौड़ को पूरा ना कर सका ।इस दौड़ में 116 प्रतियोगियों में से 36 खिलाड़ियों ने एक ही स्थान प्राप्त किया ।	उसका पहला स्लैलम था जहाँ उसने अपने पहले चक्र मे दौड़ को पूरा ना कर सका ।इस दौड़ में 116 प्रतियोगियों में से 36 खिलाड़ियों ने एक ही स्थान प्राप्त किया ।
6442555704820583133.wav	उसका पहला स्लैलम था, जहाँ उसने अपने पहले चक्र मे दौड़ को पूरा ना कर सका ।इस दौड़ में 116 प्रतियोगियों में से 36 खिलाड़ियों ने एक ही स्थान प्राप्त किया ।	उसका पहला स्लैलम था जहाँ उसने अपने पहले चक्र मे दौड़ को पूरा ना कर सका ।इस दौड़ में 116 प्रतियोगियों में से 36 खिलाड़ियों ने एक ही स्थान प्राप्त किया ।
11867223640312846075.wav	उसका पहला स्लैलम था, जहाँ उसने अपने पहले चक्र मे दौड़ को पूरा ना कर सका ।इस दौड़ में 116 प्रतियोगियों में से 36 खिलाड़ियों ने एक ही स्थान प्राप्त किया ।	उसका पहला स्लैलम था जहाँ उसने अपने पहले चक्र मे दौड़ को पूरा ना कर सका ।इस दौड़ में 116 प्रतियोगियों में से 36 खिलाड़ियों ने एक ही स्थान प्राप्त किया ।
17089135861668579021.wav	ऑकलैंड के दो बंदरगाहों में फैले होने की वजह से, यहां कई समुद्री तट हैं. सबसे लोकप्रिय समुद्री तट तीन इलाकों में हैं.	ऑकलैंड के दो बंदरगाहों में फैले होने की वजह से यहां कई समुद्री तट हैं सबसे लोकप्रिय समुद्री तट तीन इलाकों में हैं
