3562888686069295002.wav	U.S. అధ్యక్షుడు, George W. Bush ఆ ప్రకటనతో ఏకీభవించారు.	u.s. అధ్యక్షుడు george w bush ఆ ప్రకటనతో ఏకీభవించారు
5895545146732980365.wav	U.S. అధ్యక్షుడు, George W. Bush ఆ ప్రకటనతో ఏకీభవించారు.	u.s. అధ్యక్షుడు george w bush ఆ ప్రకటనతో ఏకీభవించారు
7147861329898567249.wav	U.S. అధ్యక్షుడు, George W. Bush ఆ ప్రకటనతో ఏకీభవించారు.	u.s. అధ్యక్షుడు george w bush ఆ ప్రకటనతో ఏకీభవించారు
7673768465088337954.wav	ఇది సాధారణ ఆచారంగా మారింది, కానీ ఇనుము బండ్ల యొక్క చెక్క చక్రాలపై మరింత అరుగుదల కలిగించింది.	ఇది సాధారణ ఆచారంగా మారింది కానీ ఇనుము బండ్ల యొక్క చెక్క చక్రాలపై మరింత అరుగుదల కలిగించింది
10455780686531859277.wav	ఇది సాధారణ ఆచారంగా మారింది, కానీ ఇనుము బండ్ల యొక్క చెక్క చక్రాలపై మరింత అరుగుదల కలిగించింది.	ఇది సాధారణ ఆచారంగా మారింది కానీ ఇనుము బండ్ల యొక్క చెక్క చక్రాలపై మరింత అరుగుదల కలిగించింది
13290966131679054330.wav	ఇది సాధారణ ఆచారంగా మారింది, కానీ ఇనుము బండ్ల యొక్క చెక్క చక్రాలపై మరింత అరుగుదల కలిగించింది.	ఇది సాధారణ ఆచారంగా మారింది కానీ ఇనుము బండ్ల యొక్క చెక్క చక్రాలపై మరింత అరుగుదల కలిగించింది
18291096371895393218.wav	"ఇక్కడి ప్రధాన స్థానిక బీర్ 'Number One', ఇది మంచి బీర్ కాదు, ఇది ఆహ్లాదకరం మరియు కొత్త ఉత్సహాన్ని కలిగిస్తుంది. ఇక్కడి మరో స్థానిక బీరును ""Manta"" అని పిలుస్తారు."	"ఇక్కడి ప్రధాన స్థానిక బీర్ 'number one' ఇది మంచి బీర్ కాదు ఇది ఆహ్లాదకరం మరియు కొత్త ఉత్సహాన్ని కలిగిస్తుంది. ఇక్కడి మరో స్థానిక బీరును manta"" అని పిలుస్తారు."
1073990465254974841.wav	ప్రపంచంలోఅత్యుత్తమ పోలో జట్లలో మరియు క్రీడాకారులలో ఒకరిగా అర్జెంటీనా ప్రసిద్ధి చెందింది.	ప్రపంచంలోఅత్యుత్తమ పోలో జట్లలో మరియు క్రీడాకారులలో ఒకరిగా అర్జెంటీనా ప్రసిద్ధి చెందింది
16631971486461133981.wav	మెట్రిక్ వ్యవస్థను వినియోగించడం, నియంతృత్వం నుండి ప్రజాప్రభుత్వ ధర్మానికి మారడం, జాతీయవాదం మరియు దేశం పాలకుడికి మాత్రమే కాకుండా ప్రజలకు కూడా చెందినది అని నమ్మడం వంటి సామాజిక మరియు రాజకీయ ప్రభావాలు చాలా ఉన్నాయి.	మెట్రిక్ వ్యవస్థను వినియోగించడం నియంతృత్వం నుండి ప్రజాప్రభుత్వ ధర్మానికి మారడం జాతీయవాదం మరియు దేశం పాలకుడికి మాత్రమే కాకుండా ప్రజలకు కూడా చెందినది అని నమ్మడం వంటి సామాజిక మరియు రాజకీయ ప్రభావాలు చాలా ఉన్నాయి
12842301634423427917.wav	మెట్రిక్ వ్యవస్థను వినియోగించడం, నియంతృత్వం నుండి ప్రజాప్రభుత్వ ధర్మానికి మారడం, జాతీయవాదం మరియు దేశం పాలకుడికి మాత్రమే కాకుండా ప్రజలకు కూడా చెందినది అని నమ్మడం వంటి సామాజిక మరియు రాజకీయ ప్రభావాలు చాలా ఉన్నాయి.	మెట్రిక్ వ్యవస్థను వినియోగించడం నియంతృత్వం నుండి ప్రజాప్రభుత్వ ధర్మానికి మారడం జాతీయవాదం మరియు దేశం పాలకుడికి మాత్రమే కాకుండా ప్రజలకు కూడా చెందినది అని నమ్మడం వంటి సామాజిక మరియు రాజకీయ ప్రభావాలు చాలా ఉన్నాయి
9655441251681907683.wav	విశాలమైన బౌలేవార్డ్లు, గాజు-ముందు భవనాలు ఇంకా ఆధునిక షాపింగ్ కేంద్రాలు సంప్రదాయ ఎరుపు-పెంకుల పైకప్పులతో, 18వ శతాబ్దపు మార్కెట్, పాత మసీదులు ఇంకా చర్చిలతో నిండి ఉన్నాయి, అయినప్పటికీ ఈ నగరం సంప్రదాయ టర్కీ కంటే మధ్యధరా ఐరోపాకంటే ఎక్కువ వాతావరణాన్ని కలిగి ఉంది.	విశాలమైన బౌలేవార్డ్లు గాజు-ముందు భవనాలు ఇంకా ఆధునిక షాపింగ్ కేంద్రాలు సంప్రదాయ ఎరుపు-పెంకుల పైకప్పులతో 18వ శతాబ్దపు మార్కెట్ పాత మసీదులు ఇంకా చర్చిలతో నిండి ఉన్నాయి అయినప్పటికీ ఈ నగరం సంప్రదాయ టర్కీ కంటే మధ్యధరా ఐరోపాకంటే ఎక్కువ వాతావరణాన్ని కలిగి ఉంది
8280931612775164442.wav	గత 4 సంవత్సరాలలో వరుసగా ఐదవ సారి Martelly మెంబర్‌గా ఏర్పడిన CEP.	గత 4 సంవత్సరాలలో వరుసగా ఐదవ సారి martelly మెంబర్గా ఏర్పడిన cep
9612110499543158730.wav	గత 4 సంవత్సరాలలో వరుసగా ఐదవ సారి Martelly మెంబర్‌గా ఏర్పడిన CEP.	గత 4 సంవత్సరాలలో వరుసగా ఐదవ సారి martelly మెంబర్గా ఏర్పడిన cep
13095435438373566100.wav	గత 4 సంవత్సరాలలో వరుసగా ఐదవ సారి Martelly మెంబర్‌గా ఏర్పడిన CEP.	గత 4 సంవత్సరాలలో వరుసగా ఐదవ సారి martelly మెంబర్గా ఏర్పడిన cep
8684909798557270524.wav	ఈ పార్కు 19,500 km² విస్తీర్ణంలో ఉంది, మరియు 14 భిన్నమైన ఎకోజోన్‌లుగా విభజించబడింది, ఒక్కొకటి ప్రత్యేకమైన వన్యప్రాణులను కలిగి ఉంటుంది.	ఈ పార్కు 19,500 km² విస్తీర్ణంలో ఉంది మరియు 14 భిన్నమైన ఎకోజోన్‌లుగా విభజించబడింది ఒక్కొకటి ప్రత్యేకమైన వన్యప్రాణులను కలిగి ఉంటుంది
8095748166957232223.wav	ఈ పార్కు 19,500 km² విస్తీర్ణంలో ఉంది, మరియు 14 భిన్నమైన ఎకోజోన్‌లుగా విభజించబడింది, ఒక్కొకటి ప్రత్యేకమైన వన్యప్రాణులను కలిగి ఉంటుంది.	ఈ పార్కు 19,500 km² విస్తీర్ణంలో ఉంది మరియు 14 భిన్నమైన ఎకోజోన్‌లుగా విభజించబడింది ఒక్కొకటి ప్రత్యేకమైన వన్యప్రాణులను కలిగి ఉంటుంది
15768531293470193219.wav	ఈ సిద్ధాంతాలు వ్యక్తులకు నిర్దిష్ట  అవసరాలు మరియు/లేదా కోరికలు ఉంటాయని సూచిస్తున్నాయి, వారు యుక్తవయస్సుకి చేరుకునేటప్పటికి అంతర్గతంగా ఉంటాయి.	ఈ సిద్ధాంతాలు వ్యక్తులకు నిర్దిష్ట  అవసరాలు మరియు/లేదా కోరికలు ఉంటాయని సూచిస్తున్నాయి వారు యుక్తవయస్సుకి చేరుకునేటప్పటికి అంతర్గతంగా ఉంటాయి
9835495517270649407.wav	ఈ సిద్ధాంతాలు వ్యక్తులకు నిర్దిష్ట  అవసరాలు మరియు/లేదా కోరికలు ఉంటాయని సూచిస్తున్నాయి, వారు యుక్తవయస్సుకి చేరుకునేటప్పటికి అంతర్గతంగా ఉంటాయి.	ఈ సిద్ధాంతాలు వ్యక్తులకు నిర్దిష్ట  అవసరాలు మరియు/లేదా కోరికలు ఉంటాయని సూచిస్తున్నాయి వారు యుక్తవయస్సుకి చేరుకునేటప్పటికి అంతర్గతంగా ఉంటాయి
9209031149386244039.wav	చాలా జిల్లాలకు చిన్న జపనీస్ కోస్టర్ బస్సులు సేవలను అందిస్తున్నాయి, ఇవి సౌకర్యవంతంగా మరియు దృఢ నిర్మాణం కలిగి ఉండి చాలాకాలం మన్నుతాయి.	చాలా జిల్లాలకు చిన్న జపనీస్ కోస్టర్ బస్సులు సేవలను అందిస్తున్నాయి ఇవి సౌకర్యవంతంగా మరియు దృఢ నిర్మాణం కలిగి ఉండి చాలాకాలం మన్నుతాయి
16000040920331765798.wav	చాలా జిల్లాలకు చిన్న జపనీస్ కోస్టర్ బస్సులు సేవలను అందిస్తున్నాయి, ఇవి సౌకర్యవంతంగా మరియు దృఢ నిర్మాణం కలిగి ఉండి చాలాకాలం మన్నుతాయి.	చాలా జిల్లాలకు చిన్న జపనీస్ కోస్టర్ బస్సులు సేవలను అందిస్తున్నాయి ఇవి సౌకర్యవంతంగా మరియు దృఢ నిర్మాణం కలిగి ఉండి చాలాకాలం మన్నుతాయి
8717352903139183502.wav	చాలా జిల్లాలకు చిన్న జపనీస్ కోస్టర్ బస్సులు సేవలను అందిస్తున్నాయి, ఇవి సౌకర్యవంతంగా మరియు దృఢ నిర్మాణం కలిగి ఉండి చాలాకాలం మన్నుతాయి.	చాలా జిల్లాలకు చిన్న జపనీస్ కోస్టర్ బస్సులు సేవలను అందిస్తున్నాయి ఇవి సౌకర్యవంతంగా మరియు దృఢ నిర్మాణం కలిగి ఉండి చాలాకాలం మన్నుతాయి
5819100676444608484.wav	పోర్చుగల్ వాసులు దాన్ని  నాశనం చేసి, కాసా బ్రంకా అనే పేరుతో పునర్నిర్మించారు, 1755 లో వచ్చిన భూకంపం తరువాత మాత్రమే దీనిని వదిలి వెళ్లారు.	పోర్చుగల్ వాసులు దాన్ని నాశనం చేసి కాసా బ్రంకా అనే పేరుతో పునర్నిర్మించారు 1755 లో వచ్చిన భూకంపం తరువాత మాత్రమే దీనిని వదిలి వెళ్లారు
4858045044291332247.wav	పోర్చుగల్ వాసులు దాన్ని  నాశనం చేసి, కాసా బ్రంకా అనే పేరుతో పునర్నిర్మించారు, 1755 లో వచ్చిన భూకంపం తరువాత మాత్రమే దీనిని వదిలి వెళ్లారు.	పోర్చుగల్ వాసులు దాన్ని నాశనం చేసి కాసా బ్రంకా అనే పేరుతో పునర్నిర్మించారు 1755 లో వచ్చిన భూకంపం తరువాత మాత్రమే దీనిని వదిలి వెళ్లారు
13833447757010675224.wav	కారు డీకొట్టినప్పుడు ముగ్గురు వ్యక్తులు ఇంట్లో ఉన్నప్పటికీ,  ఎవ్వరూ గాయపడలేదు.	కారు డీకొట్టినప్పుడు ముగ్గురు వ్యక్తులు ఇంట్లో ఉన్నప్పటికీ ఎవ్వరూ గాయపడలేదు
15255890129727160142.wav	కారు డీకొట్టినప్పుడు ముగ్గురు వ్యక్తులు ఇంట్లో ఉన్నప్పటికీ,  ఎవ్వరూ గాయపడలేదు.	కారు డీకొట్టినప్పుడు ముగ్గురు వ్యక్తులు ఇంట్లో ఉన్నప్పటికీ ఎవ్వరూ గాయపడలేదు
11155979857497975595.wav	నైగాటా ప్రిఫెక్చర్ లోని కషివాజకి కరివా అణు విద్యుత్ కేంద్రం కూడా సాధారణంగా పనిచేస్తున్నట్లు ఎన్ హెచ్ కె తెలిపింది.	నైగాటా ప్రిఫెక్చర్ లోని కషివాజకి కరివా అణు విద్యుత్ కేంద్రం కూడా సాధారణంగా పనిచేస్తున్నట్లు ఎన్ హెచ్ కె తెలిపింది
7321947036520158927.wav	నైగాటా ప్రిఫెక్చర్ లోని కషివాజకి కరివా అణు విద్యుత్ కేంద్రం కూడా సాధారణంగా పనిచేస్తున్నట్లు ఎన్ హెచ్ కె తెలిపింది.	నైగాటా ప్రిఫెక్చర్ లోని కషివాజకి కరివా అణు విద్యుత్ కేంద్రం కూడా సాధారణంగా పనిచేస్తున్నట్లు ఎన్ హెచ్ కె తెలిపింది
17436143720260059396.wav	మీరు మొదట విదేశాలకు వెళ్ళినప్పుడు, కొత్త దేశంలో ప్రయాణికులు ఇమడాల్సిన అవసరం ఉందని తెలుసుకొని ప్రజలు బహుశా ఓపికతో మరియు అర్థం చేసుకునేవారు.	మీరు మొదట విదేశాలకు వెళ్ళినప్పుడు కొత్త దేశంలో ప్రయాణికులు ఇమడాల్సిన అవసరం ఉందని తెలుసుకొని ప్రజలు బహుశా ఓపికతో మరియు అర్థం చేసుకునేవారు
17042018479958584055.wav	100 అడుగుల వెడల్పు ఉన్న విభాగంలో లెవీపై నీరు చిమ్ముతోంది.	100 అడుగుల వెడల్పు ఉన్న విభాగంలో లెవీపై నీరు చిమ్ముతోంది
17879487711938209989.wav	100 అడుగుల వెడల్పు ఉన్న విభాగంలో లెవీపై నీరు చిమ్ముతోంది.	100 అడుగుల వెడల్పు ఉన్న విభాగంలో లెవీపై నీరు చిమ్ముతోంది
4510655623795917917.wav	ఇటాలియన్‌లో ఉచ్చారణ చాలా సులభం, ఎందుకంటే చాలా పదాలు ఎలా రాయబడతాయో అలానే ఉచ్ఛరించబడతాయి.	ఇటాలియన్లో ఉచ్చారణ చాలా సులభం ఎందుకంటే చాలా పదాలు ఎలా రాయబడతాయో అలానే ఉచ్ఛరించబడతాయి
8333007567435360231.wav	ఇటాలియన్‌లో ఉచ్చారణ చాలా సులభం, ఎందుకంటే చాలా పదాలు ఎలా రాయబడతాయో అలానే ఉచ్ఛరించబడతాయి.	ఇటాలియన్లో ఉచ్చారణ చాలా సులభం ఎందుకంటే చాలా పదాలు ఎలా రాయబడతాయో అలానే ఉచ్ఛరించబడతాయి
6431640092261261887.wav	ఇటాలియన్‌లో ఉచ్చారణ చాలా సులభం, ఎందుకంటే చాలా పదాలు ఎలా రాయబడతాయో అలానే ఉచ్ఛరించబడతాయి.	ఇటాలియన్లో ఉచ్చారణ చాలా సులభం ఎందుకంటే చాలా పదాలు ఎలా రాయబడతాయో అలానే ఉచ్ఛరించబడతాయి
6555142319761875031.wav	కీటకాలు గాలిలోకి తీసుకువెళ్ళే మొదటి జంతువులు. వాటి ఎగిరే సామర్థ్యం శత్రువులను మరింత సులభంగా తప్పించుకోవడానికి, ఆహారం మరియు సహచరులను మరింత సమర్థవంతంగా కనుగొనడంలో సహాయపడింది.	కీటకాలు గాలిలోకి తీసుకువెళ్ళే మొదటి జంతువులు వాటి ఎగిరే సామర్థ్యం శత్రువులను మరింత సులభంగా తప్పించుకోవడానికి ఆహారం మరియు సహచరులను మరింత సమర్థవంతంగా కనుగొనడంలో సహాయపడింది
9500702443452360184.wav	కీటకాలు గాలిలోకి తీసుకువెళ్ళే మొదటి జంతువులు. వాటి ఎగిరే సామర్థ్యం శత్రువులను మరింత సులభంగా తప్పించుకోవడానికి, ఆహారం మరియు సహచరులను మరింత సమర్థవంతంగా కనుగొనడంలో సహాయపడింది.	కీటకాలు గాలిలోకి తీసుకువెళ్ళే మొదటి జంతువులు వాటి ఎగిరే సామర్థ్యం శత్రువులను మరింత సులభంగా తప్పించుకోవడానికి ఆహారం మరియు సహచరులను మరింత సమర్థవంతంగా కనుగొనడంలో సహాయపడింది
10405409541905732154.wav	కీటకాలు గాలిలోకి తీసుకువెళ్ళే మొదటి జంతువులు. వాటి ఎగిరే సామర్థ్యం శత్రువులను మరింత సులభంగా తప్పించుకోవడానికి, ఆహారం మరియు సహచరులను మరింత సమర్థవంతంగా కనుగొనడంలో సహాయపడింది.	కీటకాలు గాలిలోకి తీసుకువెళ్ళే మొదటి జంతువులు వాటి ఎగిరే సామర్థ్యం శత్రువులను మరింత సులభంగా తప్పించుకోవడానికి ఆహారం మరియు సహచరులను మరింత సమర్థవంతంగా కనుగొనడంలో సహాయపడింది
2034805945093595545.wav	రోగి నైజీరియాకు వెళ్లాడని, అక్కడ ఎబోలా వైరస్ సోకిన కొన్ని కేసులు కూడా చోటు చేసుకున్నాయని చెప్పారు.	రోగి నైజీరియాకు వెళ్లాడని అక్కడ ఎబోలా వైరస్ సోకిన కొన్ని కేసులు కూడా చోటు చేసుకున్నాయని చెప్పారు
12527693760988684365.wav	రోగి నైజీరియాకు వెళ్లాడని, అక్కడ ఎబోలా వైరస్ సోకిన కొన్ని కేసులు కూడా చోటు చేసుకున్నాయని చెప్పారు.	రోగి నైజీరియాకు వెళ్లాడని అక్కడ ఎబోలా వైరస్ సోకిన కొన్ని కేసులు కూడా చోటు చేసుకున్నాయని చెప్పారు
12531578351964200862.wav	మీరు కరెంట్ నుంచి బయటకు వచ్చిన వెంటనే, తిరిగి ఈదడం అనేది సాధారణం కంటే కష్టం కాదు.	మీరు కరెంట్ నుంచి బయటకు వచ్చిన వెంటనే తిరిగి ఈదడం అనేది సాధారణం కంటే కష్టం కాదు
8997804453249112628.wav	మీరు కరెంట్ నుంచి బయటకు వచ్చిన వెంటనే, తిరిగి ఈదడం అనేది సాధారణం కంటే కష్టం కాదు.	మీరు కరెంట్ నుంచి బయటకు వచ్చిన వెంటనే తిరిగి ఈదడం అనేది సాధారణం కంటే కష్టం కాదు
8956871784783916032.wav	మీరు కరెంట్ నుంచి బయటకు వచ్చిన వెంటనే, తిరిగి ఈదడం అనేది సాధారణం కంటే కష్టం కాదు.	మీరు కరెంట్ నుంచి బయటకు వచ్చిన వెంటనే తిరిగి ఈదడం అనేది సాధారణం కంటే కష్టం కాదు
9583344978273713210.wav	కాలక్రమేణా, కొత్త జనాభా వారి కొత్త వాతావరణానికి అనుగుణంగా మారడం ప్రారంభించినప్పుడు, వారు ఇతర జనాభా వలె తక్కువ మరియు తక్కువగా కనిపించడం ప్రారంభిస్తారు.	కాలక్రమేణా కొత్త జనాభా వారి కొత్త వాతావరణానికి అనుగుణంగా మారడం ప్రారంభించినప్పుడు వారు ఇతర జనాభా వలె తక్కువ మరియు తక్కువగా కనిపించడం ప్రారంభిస్తారు
17256243488026569121.wav	కాలక్రమేణా, కొత్త జనాభా వారి కొత్త వాతావరణానికి అనుగుణంగా మారడం ప్రారంభించినప్పుడు, వారు ఇతర జనాభా వలె తక్కువ మరియు తక్కువగా కనిపించడం ప్రారంభిస్తారు.	కాలక్రమేణా కొత్త జనాభా వారి కొత్త వాతావరణానికి అనుగుణంగా మారడం ప్రారంభించినప్పుడు వారు ఇతర జనాభా వలె తక్కువ మరియు తక్కువగా కనిపించడం ప్రారంభిస్తారు
5381500001070535789.wav	చలికాలంలో ఇక్కడ చలి తీవ్రత చాలా ఎక్కువగా ఉంటుంది: ఉష్ణోగ్రతలు అరుదుగా గడ్డకట్టే స్థాయికి చేరుకుంటాయి, కాని గాలి మరియు తేమ కలిసి థర్మామీటర్‌లో చూపించే ఉష్ణోగ్రత కంటే చల్లగా ఉన్నట్లు అనిపిస్తుంది.	చలికాలంలో ఇక్కడ చలి తీవ్రత చాలా ఎక్కువగా ఉంటుంది ఉష్ణోగ్రతలు అరుదుగా గడ్డకట్టే స్థాయికి చేరుకుంటాయి కాని గాలి మరియు తేమ కలిసి థర్మామీటర్లో చూపించే ఉష్ణోగ్రత కంటే చల్లగా ఉన్నట్లు అనిపిస్తుంది
9542554867587185195.wav	చలికాలంలో ఇక్కడ చలి తీవ్రత చాలా ఎక్కువగా ఉంటుంది: ఉష్ణోగ్రతలు అరుదుగా గడ్డకట్టే స్థాయికి చేరుకుంటాయి, కాని గాలి మరియు తేమ కలిసి థర్మామీటర్‌లో చూపించే ఉష్ణోగ్రత కంటే చల్లగా ఉన్నట్లు అనిపిస్తుంది.	చలికాలంలో ఇక్కడ చలి తీవ్రత చాలా ఎక్కువగా ఉంటుంది ఉష్ణోగ్రతలు అరుదుగా గడ్డకట్టే స్థాయికి చేరుకుంటాయి కాని గాలి మరియు తేమ కలిసి థర్మామీటర్లో చూపించే ఉష్ణోగ్రత కంటే చల్లగా ఉన్నట్లు అనిపిస్తుంది
7559612650734630497.wav	వేల సంవత్సరాల క్రితం అరిస్టార్కస్ అనే వ్యక్తి సూర్యున్ని చుట్టూ తిరిగేసౌరవ్యవస్థ అని చెప్పాడు.	వేల సంవత్సరాల క్రితం అరిస్టార్కస్ అనే వ్యక్తి సూర్యున్ని చుట్టూ తిరిగేసౌరవ్యవస్థ అని చెప్పాడు
932811375236486158.wav	వేల సంవత్సరాల క్రితం అరిస్టార్కస్ అనే వ్యక్తి సూర్యున్ని చుట్టూ తిరిగేసౌరవ్యవస్థ అని చెప్పాడు.	వేల సంవత్సరాల క్రితం అరిస్టార్కస్ అనే వ్యక్తి సూర్యున్ని చుట్టూ తిరిగేసౌరవ్యవస్థ అని చెప్పాడు
18115912586071837512.wav	కొంతమంది రోగులకు ఆసుపత్రిలో క్రిమి సంక్రమించి ఉండవచ్చని, అందులో కనీసం ఇద్దరు ఆరోగ్య కార్యకర్తలకు అది సోకవచ్చని Dr. Moll అనుకుంటున్నారు.	కొంతమంది రోగులకు ఆసుపత్రిలో క్రిమి సంక్రమించి ఉండవచ్చని అందులో కనీసం ఇద్దరు ఆరోగ్య కార్యకర్తలకు అది సోకవచ్చని dr moll అనుకుంటున్నారు
3858301851847959536.wav	కొంతమంది రోగులకు ఆసుపత్రిలో క్రిమి సంక్రమించి ఉండవచ్చని, అందులో కనీసం ఇద్దరు ఆరోగ్య కార్యకర్తలకు అది సోకవచ్చని Dr. Moll అనుకుంటున్నారు.	కొంతమంది రోగులకు ఆసుపత్రిలో క్రిమి సంక్రమించి ఉండవచ్చని అందులో కనీసం ఇద్దరు ఆరోగ్య కార్యకర్తలకు అది సోకవచ్చని dr moll అనుకుంటున్నారు
7496917684753449231.wav	కొంతమంది రోగులకు ఆసుపత్రిలో క్రిమి సంక్రమించి ఉండవచ్చని, అందులో కనీసం ఇద్దరు ఆరోగ్య కార్యకర్తలకు అది సోకవచ్చని Dr. Moll అనుకుంటున్నారు.	కొంతమంది రోగులకు ఆసుపత్రిలో క్రిమి సంక్రమించి ఉండవచ్చని అందులో కనీసం ఇద్దరు ఆరోగ్య కార్యకర్తలకు అది సోకవచ్చని dr moll అనుకుంటున్నారు
1768877995856977773.wav	చివరకి  చెక్క చక్రాల స్థానంలో ఇనుప చక్రాలు వచ్చాయి. 1767లో మొదటి పూర్తి ఇనుప పట్టాలని ప్రవేశపెట్టారు.	చివరకి చెక్క చక్రాల స్థానంలో ఇనుప చక్రాలు వచ్చాయి 1767లో మొదటి పూర్తి ఇనుప పట్టాలని ప్రవేశపెట్టారు
11047212164247283706.wav	తూర్పు ఆఫ్రికా ద్వీపాలు ఆఫ్రికా తూర్పు తీరంలో హిందూ మహాసముద్రంలో ఉన్నాయి.	తూర్పు ఆఫ్రికా ద్వీపాలు ఆఫ్రికా తూర్పు తీరంలో హిందూ మహాసముద్రంలో ఉన్నాయి
6365706397098676727.wav	తూర్పు ఆఫ్రికా ద్వీపాలు ఆఫ్రికా తూర్పు తీరంలో హిందూ మహాసముద్రంలో ఉన్నాయి.	తూర్పు ఆఫ్రికా ద్వీపాలు ఆఫ్రికా తూర్పు తీరంలో హిందూ మహాసముద్రంలో ఉన్నాయి
2813712663320400815.wav	తూర్పు ఆఫ్రికా ద్వీపాలు ఆఫ్రికా తూర్పు తీరంలో హిందూ మహాసముద్రంలో ఉన్నాయి.	తూర్పు ఆఫ్రికా ద్వీపాలు ఆఫ్రికా తూర్పు తీరంలో హిందూ మహాసముద్రంలో ఉన్నాయి
9597274467138331826.wav	బుద్ధుని బోధనల ఆధారంగా టిబెటన్ బౌద్ధం ఉంది, కాని మహాయాన ప్రేమ మార్గం మరియు  భారతీయ యోగా నుంచి అనేక పద్ధతుల ద్వారా విస్తరించబడింది.	బుద్ధుని బోధనల ఆధారంగా టిబెటన్ బౌద్ధం ఉంది కాని మహాయాన ప్రేమ మార్గం మరియు భారతీయ యోగా నుంచి అనేక పద్ధతుల ద్వారా విస్తరించబడింది
13858421009678497681.wav	బుద్ధుని బోధనల ఆధారంగా టిబెటన్ బౌద్ధం ఉంది, కాని మహాయాన ప్రేమ మార్గం మరియు  భారతీయ యోగా నుంచి అనేక పద్ధతుల ద్వారా విస్తరించబడింది.	బుద్ధుని బోధనల ఆధారంగా టిబెటన్ బౌద్ధం ఉంది కాని మహాయాన ప్రేమ మార్గం మరియు భారతీయ యోగా నుంచి అనేక పద్ధతుల ద్వారా విస్తరించబడింది
14841737459038003712.wav	బుద్ధుని బోధనల ఆధారంగా టిబెటన్ బౌద్ధం ఉంది, కాని మహాయాన ప్రేమ మార్గం మరియు  భారతీయ యోగా నుంచి అనేక పద్ధతుల ద్వారా విస్తరించబడింది.	బుద్ధుని బోధనల ఆధారంగా టిబెటన్ బౌద్ధం ఉంది కాని మహాయాన ప్రేమ మార్గం మరియు భారతీయ యోగా నుంచి అనేక పద్ధతుల ద్వారా విస్తరించబడింది
9864575515708121087.wav	సెలవుదినం గడపడానికి ఇన్ల్యాండ్ వాటర్​వేస్ మంచి థీమ్ కావచ్చు.	సెలవుదినం గడపడానికి ఇన్ల్యాండ్ వాటర్వేస్ మంచి థీమ్ కావచ్చు
16551236041653221079.wav	సెలవుదినం గడపడానికి ఇన్ల్యాండ్ వాటర్​వేస్ మంచి థీమ్ కావచ్చు.	సెలవుదినం గడపడానికి ఇన్ల్యాండ్ వాటర్వేస్ మంచి థీమ్ కావచ్చు
1011590415238839102.wav	చాలా సందర్భాల్లో, విదేశాల్లో ఒక గ్యాప్ ఇయర్ కోర్సులో చేరడం వల్ల మీ స్వంత దేశంలో తిరిగి ఉన్నత విద్యకు వెళ్లే మీ అవకాశాలను మెరుగుపరుచుకోవచ్చు.	చాలా సందర్భాల్లో విదేశాల్లో ఒక గ్యాప్ ఇయర్ కోర్సులో చేరడం వల్ల మీ స్వంత దేశంలో తిరిగి ఉన్నత విద్యకు వెళ్లే మీ అవకాశాలను మెరుగుపరుచుకోవచ్చు
13126247412701849066.wav	చాలా సందర్భాల్లో, విదేశాల్లో ఒక గ్యాప్ ఇయర్ కోర్సులో చేరడం వల్ల మీ స్వంత దేశంలో తిరిగి ఉన్నత విద్యకు వెళ్లే మీ అవకాశాలను మెరుగుపరుచుకోవచ్చు.	చాలా సందర్భాల్లో విదేశాల్లో ఒక గ్యాప్ ఇయర్ కోర్సులో చేరడం వల్ల మీ స్వంత దేశంలో తిరిగి ఉన్నత విద్యకు వెళ్లే మీ అవకాశాలను మెరుగుపరుచుకోవచ్చు
17469213024109533807.wav	చాలా సందర్భాల్లో, విదేశాల్లో ఒక గ్యాప్ ఇయర్ కోర్సులో చేరడం వల్ల మీ స్వంత దేశంలో తిరిగి ఉన్నత విద్యకు వెళ్లే మీ అవకాశాలను మెరుగుపరుచుకోవచ్చు.	చాలా సందర్భాల్లో విదేశాల్లో ఒక గ్యాప్ ఇయర్ కోర్సులో చేరడం వల్ల మీ స్వంత దేశంలో తిరిగి ఉన్నత విద్యకు వెళ్లే మీ అవకాశాలను మెరుగుపరుచుకోవచ్చు
8944570655243773778.wav	అవి రాత్రి దృష్టితో చీకటిలో కూడా బాగా చూడగలవు మరియు శబ్దం రాకుండా మెల్లగా  కదులుతాయి కూడా. అసిలట్స్ పరిసరాలలో కలిసిపోయి వాటి ఎరని  వేటాడి  తరువాత వాటి మీద పది తింటాయి.	అవి రాత్రి దృష్టితో చీకటిలో కూడా బాగా చూడగలవు మరియు శబ్దం రాకుండా మెల్లగా కదులుతాయి కూడా అసిలట్స్ పరిసరాలలో కలిసిపోయి వాటి ఎరని వేటాడి తరువాత వాటి మీద పది తింటాయి
11132111765335167415.wav	సఫారీలు ఆఫ్రికాలోని గొప్ప పర్యాటక ఆకర్షణ మరియు అనేక మంది సందర్శకులకు ప్రాముఖ్యమైనవిగా ఉన్నాయి.	సఫారీలు ఆఫ్రికాలోని గొప్ప పర్యాటక ఆకర్షణ మరియు అనేక మంది సందర్శకులకు ప్రాముఖ్యమైనవిగా ఉన్నాయి
17618644437926830124.wav	"ఉదాహరణకు, ""అభ్యసనం"" మరియు ""సాంఘికీకరణ"" అంతర్జాల వినియోగానికి ముఖ్యమైన ప్రేరణలుగా సూచించబడ్డాయి (జేమ్స్ ఎట్ అల్, 1995)."	"ఉదాహరణకు అభ్యసనం"" మరియు ""సాంఘికీకరణ"" అంతర్జాల వినియోగానికి ముఖ్యమైన ప్రేరణలుగా సూచించబడ్డాయి జేమ్స్ ఎట్ అల్ 1995."
1409248277356183304.wav	Canaanలో ఎటువంటి పెద్ద అడవులు లేవు కనుక, అక్కడ కలప చాలా ఖరీదైనది.	canaanలో ఎటువంటి పెద్ద అడవులు లేవు కనుక అక్కడ కలప చాలా ఖరీదైనది
11377747328092160244.wav	Canaanలో ఎటువంటి పెద్ద అడవులు లేవు కనుక, అక్కడ కలప చాలా ఖరీదైనది.	canaanలో ఎటువంటి పెద్ద అడవులు లేవు కనుక అక్కడ కలప చాలా ఖరీదైనది
17191098086354568038.wav	ఖండం నుండి చాలా దూరం ప్రయాణించడం వలన క్షీరదాలు గాలపాగోస్ లో ప్రధాన మేత జంతువుగా పెద్ద తటకాన్ని తయారు చేయలేకపోయాయి.	ఖండం నుండి చాలా దూరం ప్రయాణించడం వలన క్షీరదాలు గాలపాగోస్ లో ప్రధాన మేత జంతువుగా పెద్ద తటకాన్ని తయారు చేయలేకపోయాయి
60672777910480400.wav	ఖండం నుండి చాలా దూరం ప్రయాణించడం వలన క్షీరదాలు గాలపాగోస్ లో ప్రధాన మేత జంతువుగా పెద్ద తటకాన్ని తయారు చేయలేకపోయాయి.	ఖండం నుండి చాలా దూరం ప్రయాణించడం వలన క్షీరదాలు గాలపాగోస్ లో ప్రధాన మేత జంతువుగా పెద్ద తటకాన్ని తయారు చేయలేకపోయాయి
14703258691878302766.wav	ఖండం నుండి చాలా దూరం ప్రయాణించడం వలన క్షీరదాలు గాలపాగోస్ లో ప్రధాన మేత జంతువుగా పెద్ద తటకాన్ని తయారు చేయలేకపోయాయి.	ఖండం నుండి చాలా దూరం ప్రయాణించడం వలన క్షీరదాలు గాలపాగోస్ లో ప్రధాన మేత జంతువుగా పెద్ద తటకాన్ని తయారు చేయలేకపోయాయి
12292736885098789419.wav	ఆన్-సైట్ కార్యకలాపాలకు ఉదాహరణలు వేట, చేపలు పట్టడం, ఫోటోగ్రఫీ, పక్షుల పరిశీలన మరియు పార్కులను సందర్శించడం మరియు పర్యావరణ వ్యవస్థ గురించి సమాచారాన్ని అధ్యయనం చేయడం.	ఆన్-సైట్ కార్యకలాపాలకు ఉదాహరణలు వేట చేపలు పట్టడం ఫోటోగ్రఫీ పక్షుల పరిశీలన మరియు పార్కులను సందర్శించడం మరియు పర్యావరణ వ్యవస్థ గురించి సమాచారాన్ని అధ్యయనం చేయడం
281667482364732334.wav	ఆన్-సైట్ కార్యకలాపాలకు ఉదాహరణలు వేట, చేపలు పట్టడం, ఫోటోగ్రఫీ, పక్షుల పరిశీలన మరియు పార్కులను సందర్శించడం మరియు పర్యావరణ వ్యవస్థ గురించి సమాచారాన్ని అధ్యయనం చేయడం.	ఆన్-సైట్ కార్యకలాపాలకు ఉదాహరణలు వేట చేపలు పట్టడం ఫోటోగ్రఫీ పక్షుల పరిశీలన మరియు పార్కులను సందర్శించడం మరియు పర్యావరణ వ్యవస్థ గురించి సమాచారాన్ని అధ్యయనం చేయడం
2295866105154812464.wav	NSA లాగా, అతను క్యాంప్ డేవిడ్ అకార్డ్స్, 1978; 1970ల చివరిలో  యు ఎస్ –చైనా సంబంధాలను సాధారణంగా ఉంచడం ;   ఇరాన్ బందీల సంక్షోభానికి దారితీసిన ఇరాన్ విప్లవం, 1979; ఇంకా ఆఫ్ఘనిస్తాన్ లో సోవియట్ దండయాత్ర, 1979 లాంటి ప్రపంచ వ్యవహారాలను దౌత్య పరంగా నిర్వహించడంలో కార్టర్ కు సహాయం చేశాడు.	nsa లాగా అతను క్యాంప్ డేవిడ్ అకార్డ్స్ 1978; 1970ల చివరిలో  యు ఎస్ –చైనా సంబంధాలను సాధారణంగా ఉంచడం ;   ఇరాన్ బందీల సంక్షోభానికి దారితీసిన ఇరాన్ విప్లవం 1979; ఇంకా ఆఫ్ఘనిస్తాన్ లో సోవియట్ దండయాత్ర 1979 లాంటి ప్రపంచ వ్యవహారాలను దౌత్య పరంగా నిర్వహించడంలో కార్టర్ కు సహాయం చేశాడు
11091515503515313189.wav	దాని విస్తృతమైన అధికారం రాజు నుండి సామాన్యుడి వరకు ప్రతి ఒక్కరిని ప్రభావితం చేసింది.	దాని విస్తృతమైన అధికారం రాజు నుండి సామాన్యుడి వరకు ప్రతి ఒక్కరిని ప్రభావితం చేసింది
15753735363518228186.wav	దాని విస్తృతమైన అధికారం రాజు నుండి సామాన్యుడి వరకు ప్రతి ఒక్కరిని ప్రభావితం చేసింది.	దాని విస్తృతమైన అధికారం రాజు నుండి సామాన్యుడి వరకు ప్రతి ఒక్కరిని ప్రభావితం చేసింది
3261580614401841231.wav	దాని విస్తృతమైన అధికారం రాజు నుండి సామాన్యుడి వరకు ప్రతి ఒక్కరిని ప్రభావితం చేసింది.	దాని విస్తృతమైన అధికారం రాజు నుండి సామాన్యుడి వరకు ప్రతి ఒక్కరిని ప్రభావితం చేసింది
11625086081103853257.wav	క్రైస్తవ మతానికి క్రిస్మస్ అనేది చాలా ముఖ్యమైన సెలవు రోజులలో ఒకటి, మరియు ఈ పండుగ యేసు ప్రభువు యొక్క పుట్టినరోజుగా జరుపుకుంటారు.	క్రైస్తవ మతానికి క్రిస్మస్ అనేది చాలా ముఖ్యమైన సెలవు రోజులలో ఒకటి మరియు ఈ పండుగ యేసు ప్రభువు యొక్క పుట్టినరోజుగా జరుపుకుంటారు
6811086534591931489.wav	క్రైస్తవ మతానికి క్రిస్మస్ అనేది చాలా ముఖ్యమైన సెలవు రోజులలో ఒకటి, మరియు ఈ పండుగ యేసు ప్రభువు యొక్క పుట్టినరోజుగా జరుపుకుంటారు.	క్రైస్తవ మతానికి క్రిస్మస్ అనేది చాలా ముఖ్యమైన సెలవు రోజులలో ఒకటి మరియు ఈ పండుగ యేసు ప్రభువు యొక్క పుట్టినరోజుగా జరుపుకుంటారు
6957678240795826167.wav	క్రైస్తవ మతానికి క్రిస్మస్ అనేది చాలా ముఖ్యమైన సెలవు రోజులలో ఒకటి, మరియు ఈ పండుగ యేసు ప్రభువు యొక్క పుట్టినరోజుగా జరుపుకుంటారు.	క్రైస్తవ మతానికి క్రిస్మస్ అనేది చాలా ముఖ్యమైన సెలవు రోజులలో ఒకటి మరియు ఈ పండుగ యేసు ప్రభువు యొక్క పుట్టినరోజుగా జరుపుకుంటారు
3773096217330277145.wav	ఎయిర్ ట్రాఫిక్ కంట్రోలర్లు విమానాలను మరింత కచ్చితత్వంతో పిన్ పాయింట్ చేయడానికి మరియు పైలట్లకు మరింత కచ్చితమైన సమాచారాన్ని అందించడానికి పాత గ్రౌండ్-రాడార్ ఆధారిత సాంకేతిక పరిజ్ఞానానికి విరుద్ధంగా శాటిలైట్ ఆధారిత సాంకేతికపరిజ్ఞానాన్ని ఉపయోగిస్తుంది.	ఎయిర్ ట్రాఫిక్ కంట్రోలర్లు విమానాలను మరింత కచ్చితత్వంతో పిన్ పాయింట్ చేయడానికి మరియు పైలట్లకు మరింత కచ్చితమైన సమాచారాన్ని అందించడానికి పాత గ్రౌండ్-రాడార్ ఆధారిత సాంకేతిక పరిజ్ఞానానికి విరుద్ధంగా శాటిలైట్ ఆధారిత సాంకేతికపరిజ్ఞానాన్ని ఉపయోగిస్తుంది
12057338419435289098.wav	ఎయిర్ ట్రాఫిక్ కంట్రోలర్లు విమానాలను మరింత కచ్చితత్వంతో పిన్ పాయింట్ చేయడానికి మరియు పైలట్లకు మరింత కచ్చితమైన సమాచారాన్ని అందించడానికి పాత గ్రౌండ్-రాడార్ ఆధారిత సాంకేతిక పరిజ్ఞానానికి విరుద్ధంగా శాటిలైట్ ఆధారిత సాంకేతికపరిజ్ఞానాన్ని ఉపయోగిస్తుంది.	ఎయిర్ ట్రాఫిక్ కంట్రోలర్లు విమానాలను మరింత కచ్చితత్వంతో పిన్ పాయింట్ చేయడానికి మరియు పైలట్లకు మరింత కచ్చితమైన సమాచారాన్ని అందించడానికి పాత గ్రౌండ్-రాడార్ ఆధారిత సాంకేతిక పరిజ్ఞానానికి విరుద్ధంగా శాటిలైట్ ఆధారిత సాంకేతికపరిజ్ఞానాన్ని ఉపయోగిస్తుంది
1701505732492624517.wav	ఈ భారీ కార్బన్ ఆర్ధిక వ్యవస్థ గత రెండు మిలియన్ సంవత్సరాలుగా మానవ పరిణామానికి సహాయపడిన స్థిరమైన స్థితులలో ఒకదాని నుండి జీవావరణాన్ని తొలగించిందని విజ్ఞాన శాస్త్రం తెలియజేస్తుంది.	ఈ భారీ కార్బన్ ఆర్ధిక వ్యవస్థ గత రెండు మిలియన్ సంవత్సరాలుగా మానవ పరిణామానికి సహాయపడిన స్థిరమైన స్థితులలో ఒకదాని నుండి జీవావరణాన్ని తొలగించిందని విజ్ఞాన శాస్త్రం తెలియజేస్తుంది
2977465388056527438.wav	ఈ భారీ కార్బన్ ఆర్ధిక వ్యవస్థ గత రెండు మిలియన్ సంవత్సరాలుగా మానవ పరిణామానికి సహాయపడిన స్థిరమైన స్థితులలో ఒకదాని నుండి జీవావరణాన్ని తొలగించిందని విజ్ఞాన శాస్త్రం తెలియజేస్తుంది.	ఈ భారీ కార్బన్ ఆర్ధిక వ్యవస్థ గత రెండు మిలియన్ సంవత్సరాలుగా మానవ పరిణామానికి సహాయపడిన స్థిరమైన స్థితులలో ఒకదాని నుండి జీవావరణాన్ని తొలగించిందని విజ్ఞాన శాస్త్రం తెలియజేస్తుంది
1526453523587067382.wav	ఈ భారీ కార్బన్ ఆర్ధిక వ్యవస్థ గత రెండు మిలియన్ సంవత్సరాలుగా మానవ పరిణామానికి సహాయపడిన స్థిరమైన స్థితులలో ఒకదాని నుండి జీవావరణాన్ని తొలగించిందని విజ్ఞాన శాస్త్రం తెలియజేస్తుంది.	ఈ భారీ కార్బన్ ఆర్ధిక వ్యవస్థ గత రెండు మిలియన్ సంవత్సరాలుగా మానవ పరిణామానికి సహాయపడిన స్థిరమైన స్థితులలో ఒకదాని నుండి జీవావరణాన్ని తొలగించిందని విజ్ఞాన శాస్త్రం తెలియజేస్తుంది
6833942148664363050.wav	. ఈ జంతువు యొక్క ప్లూమేజ్ పైన లేత లేదా కెరోటినాయిడ్ రంగు కింద ఉండే ఛాతీ గోధుమ రంగులో ఉందని శాస్త్రవేత్తలు చెబుతున్నారు.	. ఈ జంతువు యొక్క ప్లూమేజ్ పైన లేత లేదా కెరోటినాయిడ్ రంగు కింద ఉండే ఛాతీ గోధుమ రంగులో ఉందని శాస్త్రవేత్తలు చెబుతున్నారు
11392315129042986636.wav	. ఈ జంతువు యొక్క ప్లూమేజ్ పైన లేత లేదా కెరోటినాయిడ్ రంగు కింద ఉండే ఛాతీ గోధుమ రంగులో ఉందని శాస్త్రవేత్తలు చెబుతున్నారు.	. ఈ జంతువు యొక్క ప్లూమేజ్ పైన లేత లేదా కెరోటినాయిడ్ రంగు కింద ఉండే ఛాతీ గోధుమ రంగులో ఉందని శాస్త్రవేత్తలు చెబుతున్నారు
7698741063220414455.wav	కొత్త రాజ్య౦లోని ప్రాచీన ఐగుప్తీయులు తమ పూర్వ కాలపు కట్టడాలను చూసి ఆశ్చర్యపోయి, ఆ తర్వాత వెయ్యి స౦వత్సరాల కన్నా ఎక్కువ కాల౦ నాటికట్టడాలు.	కొత్త రాజ్య౦లోని ప్రాచీన ఐగుప్తీయులు తమ పూర్వ కాలపు కట్టడాలను చూసి ఆశ్చర్యపోయి ఆ తర్వాత వెయ్యి స౦వత్సరాల కన్నా ఎక్కువ కాల౦ నాటికట్టడాలు
4983817529796484027.wav	ఒక ఒప్పందం కుదుర్చుకున్న తర్వాత లోయలో కొనసాగుతున్న సైనిక కార్యకలాపాలను 10 సంవత్సరాలు కొనసాగించాలని ఇజ్రాయెల్ కోరుతుండగా, 5 సంవత్సరాలు మాత్రమే అలాంటి కార్యకలాపాలను కొనసాగించాలని PA ఒప్పుకుంది.	ఒక ఒప్పందం కుదుర్చుకున్న తర్వాత లోయలో కొనసాగుతున్న సైనిక కార్యకలాపాలను 10 సంవత్సరాలు కొనసాగించాలని ఇజ్రాయెల్ కోరుతుండగా 5 సంవత్సరాలు మాత్రమే అలాంటి కార్యకలాపాలను కొనసాగించాలని pa ఒప్పుకుంది
16910924956717857675.wav	ఒక ఒప్పందం కుదుర్చుకున్న తర్వాత లోయలో కొనసాగుతున్న సైనిక కార్యకలాపాలను 10 సంవత్సరాలు కొనసాగించాలని ఇజ్రాయెల్ కోరుతుండగా, 5 సంవత్సరాలు మాత్రమే అలాంటి కార్యకలాపాలను కొనసాగించాలని PA ఒప్పుకుంది.	ఒక ఒప్పందం కుదుర్చుకున్న తర్వాత లోయలో కొనసాగుతున్న సైనిక కార్యకలాపాలను 10 సంవత్సరాలు కొనసాగించాలని ఇజ్రాయెల్ కోరుతుండగా 5 సంవత్సరాలు మాత్రమే అలాంటి కార్యకలాపాలను కొనసాగించాలని pa ఒప్పుకుంది
16979741930837539167.wav	ఒక ఒప్పందం కుదుర్చుకున్న తర్వాత లోయలో కొనసాగుతున్న సైనిక కార్యకలాపాలను 10 సంవత్సరాలు కొనసాగించాలని ఇజ్రాయెల్ కోరుతుండగా, 5 సంవత్సరాలు మాత్రమే అలాంటి కార్యకలాపాలను కొనసాగించాలని PA ఒప్పుకుంది.	ఒక ఒప్పందం కుదుర్చుకున్న తర్వాత లోయలో కొనసాగుతున్న సైనిక కార్యకలాపాలను 10 సంవత్సరాలు కొనసాగించాలని ఇజ్రాయెల్ కోరుతుండగా 5 సంవత్సరాలు మాత్రమే అలాంటి కార్యకలాపాలను కొనసాగించాలని pa ఒప్పుకుంది
2842648706908901376.wav	"కూర ద్రవ మొత్తాన్ని బట్టి ""పొడి"" లేదా ""తడి"" గా ఉంటుంది."	"కూర ద్రవ మొత్తాన్ని బట్టి పొడి"" లేదా ""తడి"" గా ఉంటుంది."
1866200216623465238.wav	"కూర ద్రవ మొత్తాన్ని బట్టి ""పొడి"" లేదా ""తడి"" గా ఉంటుంది."	"కూర ద్రవ మొత్తాన్ని బట్టి పొడి"" లేదా ""తడి"" గా ఉంటుంది."
10153315959864382944.wav	అది నాకు అర్థం కాలేదు. ఖచ్చితంగా న్యాయం కాదు.	అది నాకు అర్థం కాలేదు ఖచ్చితంగా న్యాయం కాదు
15299394346905032545.wav	అది నాకు అర్థం కాలేదు. ఖచ్చితంగా న్యాయం కాదు.	అది నాకు అర్థం కాలేదు ఖచ్చితంగా న్యాయం కాదు
13079361299206637454.wav	అది నాకు అర్థం కాలేదు. ఖచ్చితంగా న్యాయం కాదు.	అది నాకు అర్థం కాలేదు ఖచ్చితంగా న్యాయం కాదు
3956104767752226410.wav	తరువాత, కొన్ని జీనులు, ముఖ్యంగా ఇంగ్లిష్ జీనులు, ఒక స్టిర్రప్ లెదర్ ను ఒక పడిపోయిన రైడర్ ద్వారా వెనక్కి లాగినట్లయితే, జీను నుంచి జారిపోవడానికి అనుమతించే సేఫ్టీ బార్ లు ఉంటాయి.	తరువాత కొన్ని జీనులు ముఖ్యంగా ఇంగ్లిష్ జీనులు ఒక స్టిర్రప్ లెదర్ ను ఒక పడిపోయిన రైడర్ ద్వారా వెనక్కి లాగినట్లయితే జీను నుంచి జారిపోవడానికి అనుమతించే సేఫ్టీ బార్ లు ఉంటాయి
16937424897551003906.wav	తరువాత, కొన్ని జీనులు, ముఖ్యంగా ఇంగ్లిష్ జీనులు, ఒక స్టిర్రప్ లెదర్ ను ఒక పడిపోయిన రైడర్ ద్వారా వెనక్కి లాగినట్లయితే, జీను నుంచి జారిపోవడానికి అనుమతించే సేఫ్టీ బార్ లు ఉంటాయి.	తరువాత కొన్ని జీనులు ముఖ్యంగా ఇంగ్లిష్ జీనులు ఒక స్టిర్రప్ లెదర్ ను ఒక పడిపోయిన రైడర్ ద్వారా వెనక్కి లాగినట్లయితే జీను నుంచి జారిపోవడానికి అనుమతించే సేఫ్టీ బార్ లు ఉంటాయి
18128962382953765159.wav	ప్లాటింగ్ విశ్లేషణ ఫలితం పబ్లిక్ వెబ్‌సైట్‌లో పోస్ట్ చేయబడుతుంది.	ప్లాటింగ్ విశ్లేషణ ఫలితం పబ్లిక్ వెబ్సైట్లో పోస్ట్ చేయబడుతుంది
8380309751457477704.wav	ప్లాటింగ్ విశ్లేషణ ఫలితం పబ్లిక్ వెబ్‌సైట్‌లో పోస్ట్ చేయబడుతుంది.	ప్లాటింగ్ విశ్లేషణ ఫలితం పబ్లిక్ వెబ్సైట్లో పోస్ట్ చేయబడుతుంది
7447654307307073620.wav	ప్లాటింగ్ విశ్లేషణ ఫలితం పబ్లిక్ వెబ్‌సైట్‌లో పోస్ట్ చేయబడుతుంది.	ప్లాటింగ్ విశ్లేషణ ఫలితం పబ్లిక్ వెబ్సైట్లో పోస్ట్ చేయబడుతుంది
5465484403383559468.wav	"""ఇది విస్తృతంగా ఉపయోగించబడినప్పటికీ, ప్రత్యేకించి రోమానీ యేతర దేశాల్లో, """"జిప్సీ"""" అనే పదం తరచుగా వ్యతిరేక స్టీరియోటైప్ లతో మరియు రోమానీ ప్రజల యొక్క తప్పుడు అభిప్రాయాలతో దాని యొక్క సహవాసాన్ని కలిగి ఉండటం వలన అభ్యంతరకరంగా పరిగణించబడుతుంది."""	"""ఇది విస్తృతంగా ఉపయోగించబడినప్పటికీ ప్రత్యేకించి రోమానీ యేతర దేశాల్లో ""జిప్సీ"""""" అనే పదం తరచుగా వ్యతిరేక స్టీరియోటైప్ లతో మరియు రోమానీ ప్రజల యొక్క తప్పుడు అభిప్రాయాలతో దాని యొక్క సహవాసాన్ని కలిగి ఉండటం వలన అభ్యంతరకరంగా పరిగణించబడుతుంది."""""
9686661325364987048.wav	"""ఇది విస్తృతంగా ఉపయోగించబడినప్పటికీ, ప్రత్యేకించి రోమానీ యేతర దేశాల్లో, """"జిప్సీ"""" అనే పదం తరచుగా వ్యతిరేక స్టీరియోటైప్ లతో మరియు రోమానీ ప్రజల యొక్క తప్పుడు అభిప్రాయాలతో దాని యొక్క సహవాసాన్ని కలిగి ఉండటం వలన అభ్యంతరకరంగా పరిగణించబడుతుంది."""	"""ఇది విస్తృతంగా ఉపయోగించబడినప్పటికీ ప్రత్యేకించి రోమానీ యేతర దేశాల్లో ""జిప్సీ"""""" అనే పదం తరచుగా వ్యతిరేక స్టీరియోటైప్ లతో మరియు రోమానీ ప్రజల యొక్క తప్పుడు అభిప్రాయాలతో దాని యొక్క సహవాసాన్ని కలిగి ఉండటం వలన అభ్యంతరకరంగా పరిగణించబడుతుంది."""""
8585153227925537641.wav	సమర్పించిన వీక్షణలు మరెక్కడో అందుబాటులో ఉన్న మరింత వివరణాత్మక సమాచారంతో పోలిస్తే తరచుగా అసమగ్రంగా, సాధారణంగా మరియు అతి సరళంగా ఉంది.	సమర్పించిన వీక్షణలు మరెక్కడో అందుబాటులో ఉన్న మరింత వివరణాత్మక సమాచారంతో పోలిస్తే తరచుగా అసమగ్రంగా సాధారణంగా మరియు అతి సరళంగా ఉంది
1529981458794610631.wav	సమర్పించిన వీక్షణలు మరెక్కడో అందుబాటులో ఉన్న మరింత వివరణాత్మక సమాచారంతో పోలిస్తే తరచుగా అసమగ్రంగా, సాధారణంగా మరియు అతి సరళంగా ఉంది.	సమర్పించిన వీక్షణలు మరెక్కడో అందుబాటులో ఉన్న మరింత వివరణాత్మక సమాచారంతో పోలిస్తే తరచుగా అసమగ్రంగా సాధారణంగా మరియు అతి సరళంగా ఉంది
1494392888738265760.wav	సమర్పించిన వీక్షణలు మరెక్కడో అందుబాటులో ఉన్న మరింత వివరణాత్మక సమాచారంతో పోలిస్తే తరచుగా అసమగ్రంగా, సాధారణంగా మరియు అతి సరళంగా ఉంది.	సమర్పించిన వీక్షణలు మరెక్కడో అందుబాటులో ఉన్న మరింత వివరణాత్మక సమాచారంతో పోలిస్తే తరచుగా అసమగ్రంగా సాధారణంగా మరియు అతి సరళంగా ఉంది
2864828066638679437.wav	గ్యాప్-ఇయర్ ప్లాన్ చేసేవారికి మరింత వర్తమానంగా ప్రాచుర్యం పొందిన ఎంపిక ప్రయాణించండి ఇంకా నేర్చుకోండి.	గ్యాప్-ఇయర్ ప్లాన్ చేసేవారికి మరింత వర్తమానంగా ప్రాచుర్యం పొందిన ఎంపిక ప్రయాణించండి ఇంకా నేర్చుకోండి
1129577078183376893.wav	గ్యాప్-ఇయర్ ప్లాన్ చేసేవారికి మరింత వర్తమానంగా ప్రాచుర్యం పొందిన ఎంపిక ప్రయాణించండి ఇంకా నేర్చుకోండి.	గ్యాప్-ఇయర్ ప్లాన్ చేసేవారికి మరింత వర్తమానంగా ప్రాచుర్యం పొందిన ఎంపిక ప్రయాణించండి ఇంకా నేర్చుకోండి
4216007152394413397.wav	ఇప్పుడు ద్వీప సమూహం అంతటా విస్తృతంగా అందుబాటులో ఉన్న, జావనీస్ వంటకాలు కేవలం కాలానుగుణ వంటకాలు, జావనీస్ అనుకూల రుచులు వేరుశనగ, కారం, చక్కెర (ముఖ్యంగా జావనీస్ కొబ్బరి చక్కెర) ఇంకా వివిధ సుగంధ ద్రవ్యాలు.	ఇప్పుడు ద్వీప సమూహం అంతటా విస్తృతంగా అందుబాటులో ఉన్న జావనీస్ వంటకాలు కేవలం కాలానుగుణ వంటకాలు జావనీస్ అనుకూల రుచులు వేరుశనగ కారం చక్కెర ముఖ్యంగా జావనీస్ కొబ్బరి చక్కెర ఇంకా వివిధ సుగంధ ద్రవ్యాలు
15744642031626182002.wav	ఇప్పుడు ద్వీప సమూహం అంతటా విస్తృతంగా అందుబాటులో ఉన్న, జావనీస్ వంటకాలు కేవలం కాలానుగుణ వంటకాలు, జావనీస్ అనుకూల రుచులు వేరుశనగ, కారం, చక్కెర (ముఖ్యంగా జావనీస్ కొబ్బరి చక్కెర) ఇంకా వివిధ సుగంధ ద్రవ్యాలు.	ఇప్పుడు ద్వీప సమూహం అంతటా విస్తృతంగా అందుబాటులో ఉన్న జావనీస్ వంటకాలు కేవలం కాలానుగుణ వంటకాలు జావనీస్ అనుకూల రుచులు వేరుశనగ కారం చక్కెర ముఖ్యంగా జావనీస్ కొబ్బరి చక్కెర ఇంకా వివిధ సుగంధ ద్రవ్యాలు
11001120665718209109.wav	ఒక శాటిలైట్ ఫోన్ సాధారణంగా మొబైల్ ఫోన్ కు రీప్లేస్ మెంట్ కాదు, ఎందుకంటే మీరు ఫోన్ కాల్ చేయడానికి శాటిలైట్ కు స్పష్టమైన లైన్ ఆఫ్ సైట్ తో అవుట్ డోర్ గా ఉండాలి.	ఒక శాటిలైట్ ఫోన్ సాధారణంగా మొబైల్ ఫోన్ కు రీప్లేస్ మెంట్ కాదు ఎందుకంటే మీరు ఫోన్ కాల్ చేయడానికి శాటిలైట్ కు స్పష్టమైన లైన్ ఆఫ్ సైట్ తో అవుట్ డోర్ గా ఉండాలి
2391834402769641545.wav	ఒక శాటిలైట్ ఫోన్ సాధారణంగా మొబైల్ ఫోన్ కు రీప్లేస్ మెంట్ కాదు, ఎందుకంటే మీరు ఫోన్ కాల్ చేయడానికి శాటిలైట్ కు స్పష్టమైన లైన్ ఆఫ్ సైట్ తో అవుట్ డోర్ గా ఉండాలి.	ఒక శాటిలైట్ ఫోన్ సాధారణంగా మొబైల్ ఫోన్ కు రీప్లేస్ మెంట్ కాదు ఎందుకంటే మీరు ఫోన్ కాల్ చేయడానికి శాటిలైట్ కు స్పష్టమైన లైన్ ఆఫ్ సైట్ తో అవుట్ డోర్ గా ఉండాలి
10724694120628999963.wav	ఒక శాటిలైట్ ఫోన్ సాధారణంగా మొబైల్ ఫోన్ కు రీప్లేస్ మెంట్ కాదు, ఎందుకంటే మీరు ఫోన్ కాల్ చేయడానికి శాటిలైట్ కు స్పష్టమైన లైన్ ఆఫ్ సైట్ తో అవుట్ డోర్ గా ఉండాలి.	ఒక శాటిలైట్ ఫోన్ సాధారణంగా మొబైల్ ఫోన్ కు రీప్లేస్ మెంట్ కాదు ఎందుకంటే మీరు ఫోన్ కాల్ చేయడానికి శాటిలైట్ కు స్పష్టమైన లైన్ ఆఫ్ సైట్ తో అవుట్ డోర్ గా ఉండాలి
7667406390253395284.wav	ఈ సీజన్‌లోని మొట్ట మొదటి వ్యాధి కేసులు జూలై చివరిలో నివేదించబడ్డాయి.	ఈ సీజన్లోని మొట్ట మొదటి వ్యాధి కేసులు జూలై చివరిలో నివేదించబడ్డాయి
8242553542585052788.wav	ఈ సీజన్‌లోని మొట్ట మొదటి వ్యాధి కేసులు జూలై చివరిలో నివేదించబడ్డాయి.	ఈ సీజన్లోని మొట్ట మొదటి వ్యాధి కేసులు జూలై చివరిలో నివేదించబడ్డాయి
1450412814347567484.wav	AI లో పరిశోధన తెలివైన ప్రవర్తన అవసరమైన పనులను స్వయంచాలకం చేయడానికి యంత్రాలను తయారు చేయడంలో లీనమైంది.	ai లో పరిశోధన తెలివైన ప్రవర్తన అవసరమైన పనులను స్వయంచాలకం చేయడానికి యంత్రాలను తయారు చేయడంలో లీనమైంది
17174378320251036815.wav	AI లో పరిశోధన తెలివైన ప్రవర్తన అవసరమైన పనులను స్వయంచాలకం చేయడానికి యంత్రాలను తయారు చేయడంలో లీనమైంది.	ai లో పరిశోధన తెలివైన ప్రవర్తన అవసరమైన పనులను స్వయంచాలకం చేయడానికి యంత్రాలను తయారు చేయడంలో లీనమైంది
12443941792853422242.wav	AI లో పరిశోధన తెలివైన ప్రవర్తన అవసరమైన పనులను స్వయంచాలకం చేయడానికి యంత్రాలను తయారు చేయడంలో లీనమైంది.	ai లో పరిశోధన తెలివైన ప్రవర్తన అవసరమైన పనులను స్వయంచాలకం చేయడానికి యంత్రాలను తయారు చేయడంలో లీనమైంది
13611506508368862177.wav	అనేక  సాధారణ ఫార్మాట్‌లు (ఉదాహరణకు ఫార్మాట్‌ల యొక్క APS ఫ్యామిలీ) ఈ కారక నిష్పత్తికి సమానంగా లేదా దగ్గరగా ఉంటాయి.	అనేక సాధారణ ఫార్మాట్లు ఉదాహరణకు ఫార్మాట్ల యొక్క aps ఫ్యామిలీ ఈ కారక నిష్పత్తికి సమానంగా లేదా దగ్గరగా ఉంటాయి
2371211056214477253.wav	అనేక  సాధారణ ఫార్మాట్‌లు (ఉదాహరణకు ఫార్మాట్‌ల యొక్క APS ఫ్యామిలీ) ఈ కారక నిష్పత్తికి సమానంగా లేదా దగ్గరగా ఉంటాయి.	అనేక సాధారణ ఫార్మాట్లు ఉదాహరణకు ఫార్మాట్ల యొక్క aps ఫ్యామిలీ ఈ కారక నిష్పత్తికి సమానంగా లేదా దగ్గరగా ఉంటాయి
16518950545221000854.wav	జపాన్ ప్రపంచంలో 7వ అతిపెద్ద ద్వీపంగా నిలుస్తూ, జపాన్ దాదాపు 7,000 ద్వీపాలను కలిగి ఉంది (అతిపెద్దది హోన్షు).	జపాన్ ప్రపంచంలో 7వ అతిపెద్ద ద్వీపంగా నిలుస్తూ జపాన్ దాదాపు 7,000 ద్వీపాలను కలిగి ఉంది అతిపెద్దది హోన్షు
6244902347583786860.wav	వృద్ధాప్య ఫ్లీట్‌ను కలిగి ఉన్న ఇరాన్‌లో విమాన ప్రమాదాలు సర్వసాధారణం, పౌర మరియు సైనిక కార్యకలాపాల కోసం ఇది సరిగా నిర్వహించబడదు.	వృద్ధాప్య ఫ్లీట్ను కలిగి ఉన్న ఇరాన్లో విమాన ప్రమాదాలు సర్వసాధారణం పౌర మరియు సైనిక కార్యకలాపాల కోసం ఇది సరిగా నిర్వహించబడదు
784112647551320691.wav	108 ప్లేట్ల ఛప్పన్ భోగ్ (హిందూమతంలో, 56 వివిధ రకాల తినుబండారాలు, స్వీట్లు, పండ్లు, గింజలు, వంటకాలు మొదలైనవి) బాబా శ్యామ్ కు వడ్డించారు.	108 ప్లేట్ల ఛప్పన్ భోగ్ హిందూమతంలో 56 వివిధ రకాల తినుబండారాలు స్వీట్లు పండ్లు గింజలు వంటకాలు మొదలైనవి బాబా శ్యామ్ కు వడ్డించారు
12414279069401058815.wav	108 ప్లేట్ల ఛప్పన్ భోగ్ (హిందూమతంలో, 56 వివిధ రకాల తినుబండారాలు, స్వీట్లు, పండ్లు, గింజలు, వంటకాలు మొదలైనవి) బాబా శ్యామ్ కు వడ్డించారు.	108 ప్లేట్ల ఛప్పన్ భోగ్ హిందూమతంలో 56 వివిధ రకాల తినుబండారాలు స్వీట్లు పండ్లు గింజలు వంటకాలు మొదలైనవి బాబా శ్యామ్ కు వడ్డించారు
13868353305589542279.wav	108 ప్లేట్ల ఛప్పన్ భోగ్ (హిందూమతంలో, 56 వివిధ రకాల తినుబండారాలు, స్వీట్లు, పండ్లు, గింజలు, వంటకాలు మొదలైనవి) బాబా శ్యామ్ కు వడ్డించారు.	108 ప్లేట్ల ఛప్పన్ భోగ్ హిందూమతంలో 56 వివిధ రకాల తినుబండారాలు స్వీట్లు పండ్లు గింజలు వంటకాలు మొదలైనవి బాబా శ్యామ్ కు వడ్డించారు
13541978904209813185.wav	క్రుగర్ నేషనల్ పార్క్ (KNP) దక్షిణాఫ్రికాకు ఈశాన్యంలో ఉంది మరియు తూర్పున మొజాంబిక్ సరిహద్దు, ఉత్తరాన జింబాబ్వే మరియు దక్షిణ సరిహద్దు మొసలి నది కలవు.	క్రుగర్ నేషనల్ పార్క్ knp దక్షిణాఫ్రికాకు ఈశాన్యంలో ఉంది మరియు తూర్పున మొజాంబిక్ సరిహద్దు ఉత్తరాన జింబాబ్వే మరియు దక్షిణ సరిహద్దు మొసలి నది కలవు
15114524155512536826.wav	క్రుగర్ నేషనల్ పార్క్ (KNP) దక్షిణాఫ్రికాకు ఈశాన్యంలో ఉంది మరియు తూర్పున మొజాంబిక్ సరిహద్దు, ఉత్తరాన జింబాబ్వే మరియు దక్షిణ సరిహద్దు మొసలి నది కలవు.	క్రుగర్ నేషనల్ పార్క్ knp దక్షిణాఫ్రికాకు ఈశాన్యంలో ఉంది మరియు తూర్పున మొజాంబిక్ సరిహద్దు ఉత్తరాన జింబాబ్వే మరియు దక్షిణ సరిహద్దు మొసలి నది కలవు
14267063961628176801.wav	ఈ సమయంలో Iraq‌లో తీసుకునే చర్యల వలన వర్గాల మధ్య యుద్ధం, పెరిగే హింస, లేదా గందరగోళానికి దారి తీసే వాటిని ఆపగలమని ఎవరూ హామీ ఇవ్వలేరని అది హెచ్చరిస్తుంది.	ఈ సమయంలో iraq‌లో తీసుకునే చర్యల వలన వర్గాల మధ్య యుద్ధం పెరిగే హింస లేదా గందరగోళానికి దారి తీసే వాటిని ఆపగలమని ఎవరూ హామీ ఇవ్వలేరని అది హెచ్చరిస్తుంది
6194947463935303686.wav	ఈ సమయంలో Iraq‌లో తీసుకునే చర్యల వలన వర్గాల మధ్య యుద్ధం, పెరిగే హింస, లేదా గందరగోళానికి దారి తీసే వాటిని ఆపగలమని ఎవరూ హామీ ఇవ్వలేరని అది హెచ్చరిస్తుంది.	ఈ సమయంలో iraq‌లో తీసుకునే చర్యల వలన వర్గాల మధ్య యుద్ధం పెరిగే హింస లేదా గందరగోళానికి దారి తీసే వాటిని ఆపగలమని ఎవరూ హామీ ఇవ్వలేరని అది హెచ్చరిస్తుంది
15434912527007491801.wav	ఈ సమయంలో Iraq‌లో తీసుకునే చర్యల వలన వర్గాల మధ్య యుద్ధం, పెరిగే హింస, లేదా గందరగోళానికి దారి తీసే వాటిని ఆపగలమని ఎవరూ హామీ ఇవ్వలేరని అది హెచ్చరిస్తుంది.	ఈ సమయంలో iraq‌లో తీసుకునే చర్యల వలన వర్గాల మధ్య యుద్ధం పెరిగే హింస లేదా గందరగోళానికి దారి తీసే వాటిని ఆపగలమని ఎవరూ హామీ ఇవ్వలేరని అది హెచ్చరిస్తుంది
1863567058804089520.wav	Auckland 2 నౌకాశ్రయాలను అడ్డుకోవడం వల్ల ఇక్కడ చాలా బీచ్‌లు ఉన్నాయి. బాగా ప్రసిద్ది చెందిన బీచ్‌లు 3 ప్రాంతాలలో ఉన్నాయి.	auckland 2 నౌకాశ్రయాలను అడ్డుకోవడం వల్ల ఇక్కడ చాలా బీచ్లు ఉన్నాయి బాగా ప్రసిద్ది చెందిన బీచ్లు 3 ప్రాంతాలలో ఉన్నాయి
7363241412814454054.wav	Auckland 2 నౌకాశ్రయాలను అడ్డుకోవడం వల్ల ఇక్కడ చాలా బీచ్‌లు ఉన్నాయి. బాగా ప్రసిద్ది చెందిన బీచ్‌లు 3 ప్రాంతాలలో ఉన్నాయి.	auckland 2 నౌకాశ్రయాలను అడ్డుకోవడం వల్ల ఇక్కడ చాలా బీచ్లు ఉన్నాయి బాగా ప్రసిద్ది చెందిన బీచ్లు 3 ప్రాంతాలలో ఉన్నాయి
58901610407753229.wav	వేల మైళ్ల దూరంలో ఉన్న ఎవరినైనా మీరు కాల్ చేసినప్పుడు, మీరు ఒక శాటిలైట్ ని ఉపయోగిస్తున్నారు.	వేల మైళ్ల దూరంలో ఉన్న ఎవరినైనా మీరు కాల్ చేసినప్పుడు మీరు ఒక శాటిలైట్ ని ఉపయోగిస్తున్నారు
15203126414854085218.wav	వేల మైళ్ల దూరంలో ఉన్న ఎవరినైనా మీరు కాల్ చేసినప్పుడు, మీరు ఒక శాటిలైట్ ని ఉపయోగిస్తున్నారు.	వేల మైళ్ల దూరంలో ఉన్న ఎవరినైనా మీరు కాల్ చేసినప్పుడు మీరు ఒక శాటిలైట్ ని ఉపయోగిస్తున్నారు
1023285196419207528.wav	వేల మైళ్ల దూరంలో ఉన్న ఎవరినైనా మీరు కాల్ చేసినప్పుడు, మీరు ఒక శాటిలైట్ ని ఉపయోగిస్తున్నారు.	వేల మైళ్ల దూరంలో ఉన్న ఎవరినైనా మీరు కాల్ చేసినప్పుడు మీరు ఒక శాటిలైట్ ని ఉపయోగిస్తున్నారు
4278992590141498022.wav	ఈ దుర్ఘటన ఎంత పెద్దదో, భూమి ఎలా ప్రభావితం చేస్తుందో తేల్చడానికి వారు ఇంకా ప్రయత్నిస్తున్నారు.	ఈ దుర్ఘటన ఎంత పెద్దదో భూమి ఎలా ప్రభావితం చేస్తుందో తేల్చడానికి వారు ఇంకా ప్రయత్నిస్తున్నారు
221779558148621203.wav	ఈ దుర్ఘటన ఎంత పెద్దదో, భూమి ఎలా ప్రభావితం చేస్తుందో తేల్చడానికి వారు ఇంకా ప్రయత్నిస్తున్నారు.	ఈ దుర్ఘటన ఎంత పెద్దదో భూమి ఎలా ప్రభావితం చేస్తుందో తేల్చడానికి వారు ఇంకా ప్రయత్నిస్తున్నారు
7125653823784141547.wav	ఈ దుర్ఘటన ఎంత పెద్దదో, భూమి ఎలా ప్రభావితం చేస్తుందో తేల్చడానికి వారు ఇంకా ప్రయత్నిస్తున్నారు.	ఈ దుర్ఘటన ఎంత పెద్దదో భూమి ఎలా ప్రభావితం చేస్తుందో తేల్చడానికి వారు ఇంకా ప్రయత్నిస్తున్నారు
11776639480567262333.wav	6 మైళ్ళ వెడల్పుతో ప్రవహించే అమెజాన్ భూమిపై ఉన్న విశాలమైన నది.	6 మైళ్ళ వెడల్పుతో ప్రవహించే అమెజాన్ భూమిపై ఉన్న విశాలమైన నది
6398785753327110529.wav	6 మైళ్ళ వెడల్పుతో ప్రవహించే అమెజాన్ భూమిపై ఉన్న విశాలమైన నది.	6 మైళ్ళ వెడల్పుతో ప్రవహించే అమెజాన్ భూమిపై ఉన్న విశాలమైన నది
10809825943390247964.wav	6 మైళ్ళ వెడల్పుతో ప్రవహించే అమెజాన్ భూమిపై ఉన్న విశాలమైన నది.	6 మైళ్ళ వెడల్పుతో ప్రవహించే అమెజాన్ భూమిపై ఉన్న విశాలమైన నది
2245585631571932489.wav	అటువంటి విషయాలు ప్రత్యేక ప్రవర్తనలుగా మారాయి, ఇవి వాస్తవ జీవిత సమస్యలకు పరిష్కారాలు అందించడంపై దృష్టి సారిస్తాయి.	అటువంటి విషయాలు ప్రత్యేక ప్రవర్తనలుగా మారాయి ఇవి వాస్తవ జీవిత సమస్యలకు పరిష్కారాలు అందించడంపై దృష్టి సారిస్తాయి
15825221485922723173.wav	అటువంటి విషయాలు ప్రత్యేక ప్రవర్తనలుగా మారాయి, ఇవి వాస్తవ జీవిత సమస్యలకు పరిష్కారాలు అందించడంపై దృష్టి సారిస్తాయి.	అటువంటి విషయాలు ప్రత్యేక ప్రవర్తనలుగా మారాయి ఇవి వాస్తవ జీవిత సమస్యలకు పరిష్కారాలు అందించడంపై దృష్టి సారిస్తాయి
933984893550184671.wav	అటువంటి విషయాలు ప్రత్యేక ప్రవర్తనలుగా మారాయి, ఇవి వాస్తవ జీవిత సమస్యలకు పరిష్కారాలు అందించడంపై దృష్టి సారిస్తాయి.	అటువంటి విషయాలు ప్రత్యేక ప్రవర్తనలుగా మారాయి ఇవి వాస్తవ జీవిత సమస్యలకు పరిష్కారాలు అందించడంపై దృష్టి సారిస్తాయి
17762573179165671683.wav	స్థానిక అధికారులు ప్లాంట్ చుట్టుప్రక్కల నివాసితులను ఇండోర్ లో ఉండమని, ఎయిర్-కండిషనర్లను ఆఫ్ చేయాలని మరియు కుళాయి నీరు తాగవద్దని హెచ్చరిస్తున్నారు.	స్థానిక అధికారులు ప్లాంట్ చుట్టుప్రక్కల నివాసితులను ఇండోర్ లో ఉండమని ఎయిర్-కండిషనర్లను ఆఫ్ చేయాలని మరియు కుళాయి నీరు తాగవద్దని హెచ్చరిస్తున్నారు
7009883800320760459.wav	స్థానిక అధికారులు ప్లాంట్ చుట్టుప్రక్కల నివాసితులను ఇండోర్ లో ఉండమని, ఎయిర్-కండిషనర్లను ఆఫ్ చేయాలని మరియు కుళాయి నీరు తాగవద్దని హెచ్చరిస్తున్నారు.	స్థానిక అధికారులు ప్లాంట్ చుట్టుప్రక్కల నివాసితులను ఇండోర్ లో ఉండమని ఎయిర్-కండిషనర్లను ఆఫ్ చేయాలని మరియు కుళాయి నీరు తాగవద్దని హెచ్చరిస్తున్నారు
8199845872283554976.wav	అసలు జనాభా ఏ మాత్రం మారలేదు, వారికి మునుపటి లాగే ఇప్పటికీ అదే అనుసరణలు అవసరం.	అసలు జనాభా ఏ మాత్రం మారలేదు వారికి మునుపటి లాగే ఇప్పటికీ అదే అనుసరణలు అవసరం
15481305830555793621.wav	అసలు జనాభా ఏ మాత్రం మారలేదు, వారికి మునుపటి లాగే ఇప్పటికీ అదే అనుసరణలు అవసరం.	అసలు జనాభా ఏ మాత్రం మారలేదు వారికి మునుపటి లాగే ఇప్పటికీ అదే అనుసరణలు అవసరం
10627955374517559073.wav	మీరు చలికాలంలో  ఆర్కిటిక్ లేదా అంటార్క్​టిక్ ప్రదేశాలని సందర్శిస్తే మీరు పోలార్ రాత్రిని అనుభూతి చెందుతారు, అంటే సూర్యుడు హారీజన్  పైకి ఉదయించడు.	మీరు చలికాలంలో ఆర్కిటిక్ లేదా అంటార్క్టిక్ ప్రదేశాలని సందర్శిస్తే మీరు పోలార్ రాత్రిని అనుభూతి చెందుతారు అంటే సూర్యుడు హారీజన్ పైకి ఉదయించడు
16876031669639790891.wav	మీరు చలికాలంలో  ఆర్కిటిక్ లేదా అంటార్క్​టిక్ ప్రదేశాలని సందర్శిస్తే మీరు పోలార్ రాత్రిని అనుభూతి చెందుతారు, అంటే సూర్యుడు హారీజన్  పైకి ఉదయించడు.	మీరు చలికాలంలో ఆర్కిటిక్ లేదా అంటార్క్టిక్ ప్రదేశాలని సందర్శిస్తే మీరు పోలార్ రాత్రిని అనుభూతి చెందుతారు అంటే సూర్యుడు హారీజన్ పైకి ఉదయించడు
3038080212428341769.wav	ఫిలిప్పీన్స్ రాజధాని మనీలాలో మాజీ ఫిలిపినో పోలీసు వారి బస్సును హైజాక్ చేయడం ద్వారా హాంకాంగ్ పర్యాటకులను బందీగా ఉంచాడు.	ఫిలిప్పీన్స్ రాజధాని మనీలాలో మాజీ ఫిలిపినో పోలీసు వారి బస్సును హైజాక్ చేయడం ద్వారా హాంకాంగ్ పర్యాటకులను బందీగా ఉంచాడు
13983052090144198489.wav	ఫిలిప్పీన్స్ రాజధాని మనీలాలో మాజీ ఫిలిపినో పోలీసు వారి బస్సును హైజాక్ చేయడం ద్వారా హాంకాంగ్ పర్యాటకులను బందీగా ఉంచాడు.	ఫిలిప్పీన్స్ రాజధాని మనీలాలో మాజీ ఫిలిపినో పోలీసు వారి బస్సును హైజాక్ చేయడం ద్వారా హాంకాంగ్ పర్యాటకులను బందీగా ఉంచాడు
5761066373382379666.wav	ఈకలు యొక్క నిర్మాణం అవి ఎగిరేటప్పుడు ఉపయోగించబడలేదని సూచిస్తుంది, కానీ ఉష్ణోగ్రత నియంత్రణడానికి లేదా ప్రదర్శన కోసమే. ఇది ఒక యువ డైనోసార్ యొక్క తోక అయినప్పటికీ వయసులో ఉన్న ఈకలు లాగే ఉన్నాయి కానీ కోడి కిందది కాదు అని పరిశోధకులు సూచించారు.	ఈకలు యొక్క నిర్మాణం అవి ఎగిరేటప్పుడు ఉపయోగించబడలేదని సూచిస్తుంది కానీ ఉష్ణోగ్రత నియంత్రణడానికి లేదా ప్రదర్శన కోసమే ఇది ఒక యువ డైనోసార్ యొక్క తోక అయినప్పటికీ వయసులో ఉన్న ఈకలు లాగే ఉన్నాయి కానీ కోడి కిందది కాదు అని పరిశోధకులు సూచించారు
9663530934047905035.wav	ఈకలు యొక్క నిర్మాణం అవి ఎగిరేటప్పుడు ఉపయోగించబడలేదని సూచిస్తుంది, కానీ ఉష్ణోగ్రత నియంత్రణడానికి లేదా ప్రదర్శన కోసమే. ఇది ఒక యువ డైనోసార్ యొక్క తోక అయినప్పటికీ వయసులో ఉన్న ఈకలు లాగే ఉన్నాయి కానీ కోడి కిందది కాదు అని పరిశోధకులు సూచించారు.	ఈకలు యొక్క నిర్మాణం అవి ఎగిరేటప్పుడు ఉపయోగించబడలేదని సూచిస్తుంది కానీ ఉష్ణోగ్రత నియంత్రణడానికి లేదా ప్రదర్శన కోసమే ఇది ఒక యువ డైనోసార్ యొక్క తోక అయినప్పటికీ వయసులో ఉన్న ఈకలు లాగే ఉన్నాయి కానీ కోడి కిందది కాదు అని పరిశోధకులు సూచించారు
8200411188282355265.wav	ఉప్పు నీటి మొసళ్ళు క్రియాత్మకంగా సముద్రంలో నివసించవు, వాటి ప్రాథమిక నివాసం రాక్ హాంప్టన్ నుండి ఉత్తరంవైపు ఉన్న నదీ తీరంలో కలదు.	ఉప్పు నీటి మొసళ్ళు క్రియాత్మకంగా సముద్రంలో నివసించవు వాటి ప్రాథమిక నివాసం రాక్ హాంప్టన్ నుండి ఉత్తరంవైపు ఉన్న నదీ తీరంలో కలదు
12883183775151061362.wav	ఉప్పు నీటి మొసళ్ళు క్రియాత్మకంగా సముద్రంలో నివసించవు, వాటి ప్రాథమిక నివాసం రాక్ హాంప్టన్ నుండి ఉత్తరంవైపు ఉన్న నదీ తీరంలో కలదు.	ఉప్పు నీటి మొసళ్ళు క్రియాత్మకంగా సముద్రంలో నివసించవు వాటి ప్రాథమిక నివాసం రాక్ హాంప్టన్ నుండి ఉత్తరంవైపు ఉన్న నదీ తీరంలో కలదు
8297691202847761242.wav	సిద్ధాంతపరంగా టిబెటన్ బౌద్ధం చాలా సరళమైనది. దీనిలో కుండలినీ యోగం, ధ్యానం మరియు సర్వతోముఖప్రేమ యొక్క మార్గం ఉన్నాయి.	సిద్ధాంతపరంగా టిబెటన్ బౌద్ధం చాలా సరళమైనది దీనిలో కుండలినీ యోగం ధ్యానం మరియు సర్వతోముఖప్రేమ యొక్క మార్గం ఉన్నాయి
18381553080693718246.wav	సిద్ధాంతపరంగా టిబెటన్ బౌద్ధం చాలా సరళమైనది. దీనిలో కుండలినీ యోగం, ధ్యానం మరియు సర్వతోముఖప్రేమ యొక్క మార్గం ఉన్నాయి.	సిద్ధాంతపరంగా టిబెటన్ బౌద్ధం చాలా సరళమైనది దీనిలో కుండలినీ యోగం ధ్యానం మరియు సర్వతోముఖప్రేమ యొక్క మార్గం ఉన్నాయి
7287892564996074625.wav	సిద్ధాంతపరంగా టిబెటన్ బౌద్ధం చాలా సరళమైనది. దీనిలో కుండలినీ యోగం, ధ్యానం మరియు సర్వతోముఖప్రేమ యొక్క మార్గం ఉన్నాయి.	సిద్ధాంతపరంగా టిబెటన్ బౌద్ధం చాలా సరళమైనది దీనిలో కుండలినీ యోగం ధ్యానం మరియు సర్వతోముఖప్రేమ యొక్క మార్గం ఉన్నాయి
453636823003956312.wav	మూడు శతాబ్దాలపాటు కొనసాగిన వలసకాలాన్ని స్పానియర్లు ప్రారంభించారు.	మూడు శతాబ్దాలపాటు కొనసాగిన వలసకాలాన్ని స్పానియర్లు ప్రారంభించారు
2141169721202849944.wav	మూడు శతాబ్దాలపాటు కొనసాగిన వలసకాలాన్ని స్పానియర్లు ప్రారంభించారు.	మూడు శతాబ్దాలపాటు కొనసాగిన వలసకాలాన్ని స్పానియర్లు ప్రారంభించారు
13335785546943078258.wav	మూడు శతాబ్దాలపాటు కొనసాగిన వలసకాలాన్ని స్పానియర్లు ప్రారంభించారు.	మూడు శతాబ్దాలపాటు కొనసాగిన వలసకాలాన్ని స్పానియర్లు ప్రారంభించారు
13841842434339765133.wav	మేజర్కాన్ వంటకాలు, మెడిటేర్రనియన్​లోని కొన్ని జోన్ల లాగానే, రొట్టె, కూరగాయలు మరియు మాంసం (ప్రత్యేకంగా పంది మాంసం) పై ఆధారపడి ఉంటాయి మరియు ఆలివ్ నూనెను అంతటా ఉపయోగించబడుతుంది.	మేజర్కాన్ వంటకాలు మెడిటేర్రనియన్లోని కొన్ని జోన్ల లాగానే రొట్టె కూరగాయలు మరియు మాంసం ప్రత్యేకంగా పంది మాంసం పై ఆధారపడి ఉంటాయి మరియు ఆలివ్ నూనెను అంతటా ఉపయోగించబడుతుంది
6193799619954279481.wav	ఈ డైనమిక్ ట్రాన్స్‌పోర్ట్ షటిల్‌లో, ప్రతిఒక్కరూ ఏదో ఒక విధంగా ప్రైవేట్ కార్లు ఆధారిత   రవాణా వ్యవస్థతో కనెక్ట్ అయ్యి మద్దతు ఇస్తున్నారు.	ఈ డైనమిక్ ట్రాన్స్పోర్ట్ షటిల్లో ప్రతిఒక్కరూ ఏదో ఒక విధంగా ప్రైవేట్ కార్లు ఆధారిత రవాణా వ్యవస్థతో కనెక్ట్ అయ్యి మద్దతు ఇస్తున్నారు
9234376044817150774.wav	ఈ డైనమిక్ ట్రాన్స్‌పోర్ట్ షటిల్‌లో, ప్రతిఒక్కరూ ఏదో ఒక విధంగా ప్రైవేట్ కార్లు ఆధారిత   రవాణా వ్యవస్థతో కనెక్ట్ అయ్యి మద్దతు ఇస్తున్నారు.	ఈ డైనమిక్ ట్రాన్స్పోర్ట్ షటిల్లో ప్రతిఒక్కరూ ఏదో ఒక విధంగా ప్రైవేట్ కార్లు ఆధారిత రవాణా వ్యవస్థతో కనెక్ట్ అయ్యి మద్దతు ఇస్తున్నారు
5409608172774059238.wav	కొన్ని పండగలలో చిన్న పిల్లలు న్న కుటుంబాల కోసం ప్రత్యేక శిబిరాలు ఉంటాయి.	కొన్ని పండగలలో చిన్న పిల్లలు న్న కుటుంబాల కోసం ప్రత్యేక శిబిరాలు ఉంటాయి
9049220473565098074.wav	కొన్ని పండగలలో చిన్న పిల్లలు న్న కుటుంబాల కోసం ప్రత్యేక శిబిరాలు ఉంటాయి.	కొన్ని పండగలలో చిన్న పిల్లలు న్న కుటుంబాల కోసం ప్రత్యేక శిబిరాలు ఉంటాయి
554947003286201316.wav	కొన్ని పండగలలో చిన్న పిల్లలు న్న కుటుంబాల కోసం ప్రత్యేక శిబిరాలు ఉంటాయి.	కొన్ని పండగలలో చిన్న పిల్లలు న్న కుటుంబాల కోసం ప్రత్యేక శిబిరాలు ఉంటాయి
16382482403429885606.wav	సంవత్సరంలో అతిపెద్ద టోర్నమెంట్ డిసెంబర్‌లో లాస్ కనిటాస్ లో పోలో క్షేత్రాల్లో జరుగుతుంది.	సంవత్సరంలో అతిపెద్ద టోర్నమెంట్ డిసెంబర్లో లాస్ కనిటాస్ లో పోలో క్షేత్రాల్లో జరుగుతుంది
8955939244531496270.wav	సంవత్సరంలో అతిపెద్ద టోర్నమెంట్ డిసెంబర్‌లో లాస్ కనిటాస్ లో పోలో క్షేత్రాల్లో జరుగుతుంది.	సంవత్సరంలో అతిపెద్ద టోర్నమెంట్ డిసెంబర్లో లాస్ కనిటాస్ లో పోలో క్షేత్రాల్లో జరుగుతుంది
17090356329694854226.wav	"వ్యాఖ్య అడిగినప్పుడు, మిల్లెర్ ""వినే సమయంలో మైక్ చాలా మాట్లాడుతుంది...నేను సిద్ధపడుతున్నాను కాబట్టి అతను చెప్పేది నేను నిజంగా వినలేదు"" అని అన్నాడు."	"వ్యాఖ్య అడిగినప్పుడు మిల్లెర్ వినే సమయంలో మైక్ చాలా మాట్లాడుతుంది...నేను సిద్ధపడుతున్నాను కాబట్టి అతను చెప్పేది నేను నిజంగా వినలేదు"" అని అన్నాడు."
17674520934664195607.wav	గాయపడిన వారిని ఆసుపత్రికి తరలించిన తరువాత గొడవ ఆగిపోయినప్పుడు, మిగిలిన 40 మంది ఖైదీలు యార్డ్‌లోనే ఉండి వారి సెల్​లోకి తిరిగి రావడానికి నిరాకరించారు.	గాయపడిన వారిని ఆసుపత్రికి తరలించిన తరువాత గొడవ ఆగిపోయినప్పుడు మిగిలిన 40 మంది ఖైదీలు యార్డ్లోనే ఉండి వారి సెల్లోకి తిరిగి రావడానికి నిరాకరించారు
2340145289297536988.wav	గాయపడిన వారిని ఆసుపత్రికి తరలించిన తరువాత గొడవ ఆగిపోయినప్పుడు, మిగిలిన 40 మంది ఖైదీలు యార్డ్‌లోనే ఉండి వారి సెల్​లోకి తిరిగి రావడానికి నిరాకరించారు.	గాయపడిన వారిని ఆసుపత్రికి తరలించిన తరువాత గొడవ ఆగిపోయినప్పుడు మిగిలిన 40 మంది ఖైదీలు యార్డ్లోనే ఉండి వారి సెల్లోకి తిరిగి రావడానికి నిరాకరించారు
2140207542746734497.wav	గాయపడిన వారిని ఆసుపత్రికి తరలించిన తరువాత గొడవ ఆగిపోయినప్పుడు, మిగిలిన 40 మంది ఖైదీలు యార్డ్‌లోనే ఉండి వారి సెల్​లోకి తిరిగి రావడానికి నిరాకరించారు.	గాయపడిన వారిని ఆసుపత్రికి తరలించిన తరువాత గొడవ ఆగిపోయినప్పుడు మిగిలిన 40 మంది ఖైదీలు యార్డ్లోనే ఉండి వారి సెల్లోకి తిరిగి రావడానికి నిరాకరించారు
8639551060726436721.wav	సాంస్కృతిక పరమైన తేడాల వల్ల వేధింపులు గా పరిగణించబడవచ్చని, దీనిని అనుసరించడం, చేయి పట్టుకోవడం, మొదలైన వాటిని అనుసరించడం అసాధారణం కాదని మహిళలు గ్రహించాలి.	సాంస్కృతిక పరమైన తేడాల వల్ల వేధింపులు గా పరిగణించబడవచ్చని దీనిని అనుసరించడం చేయి పట్టుకోవడం మొదలైన వాటిని అనుసరించడం అసాధారణం కాదని మహిళలు గ్రహించాలి
5811754645869237378.wav	ఇంకా మన వస్తువులపై ఎనభై శాతం మధ్య అమెరికా దేశాలలో సుంకాల ద్వారా పన్ను విధించబడింది. మేము మిమ్మల్ని ట్రీట్ చేస్తాము.	ఇంకా మన వస్తువులపై ఎనభై శాతం మధ్య అమెరికా దేశాలలో సుంకాల ద్వారా పన్ను విధించబడింది మేము మిమ్మల్ని ట్రీట్ చేస్తాము
11997891159411280988.wav	ఇంకా మన వస్తువులపై ఎనభై శాతం మధ్య అమెరికా దేశాలలో సుంకాల ద్వారా పన్ను విధించబడింది. మేము మిమ్మల్ని ట్రీట్ చేస్తాము.	ఇంకా మన వస్తువులపై ఎనభై శాతం మధ్య అమెరికా దేశాలలో సుంకాల ద్వారా పన్ను విధించబడింది మేము మిమ్మల్ని ట్రీట్ చేస్తాము
17740859245749145138.wav	రెండవ ప్రపంచ యుద్ధసమయంలో జరిగిన ఘోరాలు, ఘోరాలు చూసిన తర్వాత, భవిష్యత్తులో మళ్లీ అలాంటి పరిస్థితి రాకుండా చూడాలని దేశాలు కోరుకున్నాయి.	రెండవ ప్రపంచ యుద్ధసమయంలో జరిగిన ఘోరాలు ఘోరాలు చూసిన తర్వాత భవిష్యత్తులో మళ్లీ అలాంటి పరిస్థితి రాకుండా చూడాలని దేశాలు కోరుకున్నాయి
11572023914139182926.wav	రెండవ ప్రపంచ యుద్ధసమయంలో జరిగిన ఘోరాలు, ఘోరాలు చూసిన తర్వాత, భవిష్యత్తులో మళ్లీ అలాంటి పరిస్థితి రాకుండా చూడాలని దేశాలు కోరుకున్నాయి.	రెండవ ప్రపంచ యుద్ధసమయంలో జరిగిన ఘోరాలు ఘోరాలు చూసిన తర్వాత భవిష్యత్తులో మళ్లీ అలాంటి పరిస్థితి రాకుండా చూడాలని దేశాలు కోరుకున్నాయి
10467733777695311620.wav	ఉపసంస్కృతి యొక్క సభ్యులు తమ సభ్యత్వాన్ని ఒక విభిన్న మరియు ఆధునికత, పద్దతులు, మరియు యాస భాషలో ఉండే సంకేత రూప శైలితో తెలియపరుస్తారు.	ఉపసంస్కృతి యొక్క సభ్యులు తమ సభ్యత్వాన్ని ఒక విభిన్న మరియు ఆధునికత పద్దతులు మరియు యాస భాషలో ఉండే సంకేత రూప శైలితో తెలియపరుస్తారు
4855844567762228784.wav	ఉపసంస్కృతి యొక్క సభ్యులు తమ సభ్యత్వాన్ని ఒక విభిన్న మరియు ఆధునికత, పద్దతులు, మరియు యాస భాషలో ఉండే సంకేత రూప శైలితో తెలియపరుస్తారు.	ఉపసంస్కృతి యొక్క సభ్యులు తమ సభ్యత్వాన్ని ఒక విభిన్న మరియు ఆధునికత పద్దతులు మరియు యాస భాషలో ఉండే సంకేత రూప శైలితో తెలియపరుస్తారు
12236664289157907815.wav	6 అక్టోబర్ 1789న, మార్కెట్‌లోని ఒక మహిళల మూక, భయభ్రాంతులకు గురైన రాజు లూయిస్ XVI, రాణి మేరీ ఆంటోనిట్టే మరియు వారి ఇద్దరి పిల్లలను (11 సంవత్సరాల మేరీ తెరేసే మరియు 4 సంవత్సరాల లూయిస్-చార్లెస్) బలవంతంగా వెర్సైల్లెస్ నుండి పారిస్‌కు తిరిగి పంపించారు.	6 అక్టోబర్ 1789న మార్కెట్లోని ఒక మహిళల మూక భయభ్రాంతులకు గురైన రాజు లూయిస్ xvi రాణి మేరీ ఆంటోనిట్టే మరియు వారి ఇద్దరి పిల్లలను 11 సంవత్సరాల మేరీ తెరేసే మరియు 4 సంవత్సరాల లూయిస్-చార్లెస్ బలవంతంగా వెర్సైల్లెస్ నుండి పారిస్కు తిరిగి పంపించారు
17189700754082343648.wav	ఉపసంస్కృతిని వైవిధ్యంగా నిర్ధారించే  లక్షణాలు  భాషా, సౌందర్య, మత, రాజకీయ, లైంగిక, భౌగోళికపరంగా  లేదా అంశాల  మిళితం  కావచ్చు.	ఉపసంస్కృతిని వైవిధ్యంగా నిర్ధారించే లక్షణాలు భాషా సౌందర్య మత రాజకీయ లైంగిక భౌగోళికపరంగా లేదా అంశాల మిళితం కావచ్చు
8974049732640783187.wav	ఇది ఒక యువ డైనోసార్ యొక్క తోక అయినప్పటికీ వయసులో ఉన్న ఈకలు లాగే ఉన్నాయి కానీ కోడి కిందది కాదు అని పరిశోధకులు సూచించారు.	ఇది ఒక యువ డైనోసార్ యొక్క తోక అయినప్పటికీ వయసులో ఉన్న ఈకలు లాగే ఉన్నాయి కానీ కోడి కిందది కాదు అని పరిశోధకులు సూచించారు
17009708883703290649.wav	ఇది ఒక యువ డైనోసార్ యొక్క తోక అయినప్పటికీ వయసులో ఉన్న ఈకలు లాగే ఉన్నాయి కానీ కోడి కిందది కాదు అని పరిశోధకులు సూచించారు.	ఇది ఒక యువ డైనోసార్ యొక్క తోక అయినప్పటికీ వయసులో ఉన్న ఈకలు లాగే ఉన్నాయి కానీ కోడి కిందది కాదు అని పరిశోధకులు సూచించారు
17515852020006408411.wav	మీరు తెలుసుకున్నారో లేదో నాకు తెలియదు, కాని మధ్య అమెరికా నుండి చాలా వస్తువులు సుంకం లేకుండా ఉచితంగా ఈ దేశంలోకి వచ్చాయి.	మీరు తెలుసుకున్నారో లేదో నాకు తెలియదు కాని మధ్య అమెరికా నుండి చాలా వస్తువులు సుంకం లేకుండా ఉచితంగా ఈ దేశంలోకి వచ్చాయి
15063852326614285768.wav	మీరు తెలుసుకున్నారో లేదో నాకు తెలియదు, కాని మధ్య అమెరికా నుండి చాలా వస్తువులు సుంకం లేకుండా ఉచితంగా ఈ దేశంలోకి వచ్చాయి.	మీరు తెలుసుకున్నారో లేదో నాకు తెలియదు కాని మధ్య అమెరికా నుండి చాలా వస్తువులు సుంకం లేకుండా ఉచితంగా ఈ దేశంలోకి వచ్చాయి
18152722398784201693.wav	మీరు తెలుసుకున్నారో లేదో నాకు తెలియదు, కాని మధ్య అమెరికా నుండి చాలా వస్తువులు సుంకం లేకుండా ఉచితంగా ఈ దేశంలోకి వచ్చాయి.	మీరు తెలుసుకున్నారో లేదో నాకు తెలియదు కాని మధ్య అమెరికా నుండి చాలా వస్తువులు సుంకం లేకుండా ఉచితంగా ఈ దేశంలోకి వచ్చాయి
3544728705533059085.wav	"స్కీయింగ్ అనేక మంది ఔత్సాహికులతో ఒక ప్రధాన ప్రయాణ కార్యక్రమం, దీనిని అప్పుడప్పుడు"" స్కీ బమ్స్"" అని పిలవబడుతుంది, ఒక నిర్ధిష్ట ప్రదేశంలో స్కీయింగ్ కోసం మొత్తం సెలవులను ప్లాన్ చేయడం."	స్కీయింగ్ అనేక మంది ఔత్సాహికులతో ఒక ప్రధాన ప్రయాణ కార్యక్రమం దీనిని అప్పుడప్పుడు స్కీ బమ్స్ అని పిలవబడుతుంది ఒక నిర్ధిష్ట ప్రదేశంలో స్కీయింగ్ కోసం మొత్తం సెలవులను ప్లాన్ చేయడం
3499947228813758988.wav	అయితే, చాలా చిహ్నాలు కాటలాన్ లో మాత్రమే సూచించబడ్డాయి ఎందుకంటే ఇది చట్టం ద్వారా మొదటి అధికార భాషగా స్థాపించబడింది.	అయితే చాలా చిహ్నాలు కాటలాన్ లో మాత్రమే సూచించబడ్డాయి ఎందుకంటే ఇది చట్టం ద్వారా మొదటి అధికార భాషగా స్థాపించబడింది
6636406676172999332.wav	అయితే, చాలా చిహ్నాలు కాటలాన్ లో మాత్రమే సూచించబడ్డాయి ఎందుకంటే ఇది చట్టం ద్వారా మొదటి అధికార భాషగా స్థాపించబడింది.	అయితే చాలా చిహ్నాలు కాటలాన్ లో మాత్రమే సూచించబడ్డాయి ఎందుకంటే ఇది చట్టం ద్వారా మొదటి అధికార భాషగా స్థాపించబడింది
8774183790315932078.wav	అయితే, చాలా చిహ్నాలు కాటలాన్ లో మాత్రమే సూచించబడ్డాయి ఎందుకంటే ఇది చట్టం ద్వారా మొదటి అధికార భాషగా స్థాపించబడింది.	అయితే చాలా చిహ్నాలు కాటలాన్ లో మాత్రమే సూచించబడ్డాయి ఎందుకంటే ఇది చట్టం ద్వారా మొదటి అధికార భాషగా స్థాపించబడింది
535251117297395899.wav	గ్లోబల్ వార్మింగ్ ప్రభావాలను ఎదుర్కోవడంలో  ప్రభావిత దేశాలకు  సహాయపడటానికి ఒక నిధిని ఏర్పాటు  చేయాలని యుఎన్  భావిస్తోంది	గ్లోబల్ వార్మింగ్ ప్రభావాలను ఎదుర్కోవడంలో ప్రభావిత దేశాలకు సహాయపడటానికి ఒక నిధిని ఏర్పాటు చేయాలని యుఎన్ భావిస్తోంది
11294421943156884160.wav	విజ్ఞాన శాస్త్ర విధానం ద్వారా ప్రపంచం ఎలా పనిచేస్తుందో కనుక్కోవటమే విజ్ఞాన శాస్త్ర ప్రధాన లక్ష్యం. నిజానికి ఈ పద్ధతి చాలా శాస్త్రీయ పరిశోధనలకు మార్గదర్శకంగా ఉంటుంది.	విజ్ఞాన శాస్త్ర విధానం ద్వారా ప్రపంచం ఎలా పనిచేస్తుందో కనుక్కోవటమే విజ్ఞాన శాస్త్ర ప్రధాన లక్ష్యం నిజానికి ఈ పద్ధతి చాలా శాస్త్రీయ పరిశోధనలకు మార్గదర్శకంగా ఉంటుంది
7363269486917018740.wav	విజ్ఞాన శాస్త్ర విధానం ద్వారా ప్రపంచం ఎలా పనిచేస్తుందో కనుక్కోవటమే విజ్ఞాన శాస్త్ర ప్రధాన లక్ష్యం. నిజానికి ఈ పద్ధతి చాలా శాస్త్రీయ పరిశోధనలకు మార్గదర్శకంగా ఉంటుంది.	విజ్ఞాన శాస్త్ర విధానం ద్వారా ప్రపంచం ఎలా పనిచేస్తుందో కనుక్కోవటమే విజ్ఞాన శాస్త్ర ప్రధాన లక్ష్యం నిజానికి ఈ పద్ధతి చాలా శాస్త్రీయ పరిశోధనలకు మార్గదర్శకంగా ఉంటుంది
2104260855124368885.wav	విజ్ఞాన శాస్త్ర విధానం ద్వారా ప్రపంచం ఎలా పనిచేస్తుందో కనుక్కోవటమే విజ్ఞాన శాస్త్ర ప్రధాన లక్ష్యం. నిజానికి ఈ పద్ధతి చాలా శాస్త్రీయ పరిశోధనలకు మార్గదర్శకంగా ఉంటుంది.	విజ్ఞాన శాస్త్ర విధానం ద్వారా ప్రపంచం ఎలా పనిచేస్తుందో కనుక్కోవటమే విజ్ఞాన శాస్త్ర ప్రధాన లక్ష్యం నిజానికి ఈ పద్ధతి చాలా శాస్త్రీయ పరిశోధనలకు మార్గదర్శకంగా ఉంటుంది
18396796584672079148.wav	Philippinesపై విజయంలో U.S ప్రభుత్వం యొక్క యుద్ధ వ్యయాలు Filipino ప్రజల చేతనే చెల్లించబడ్డాయి.	philippinesపై విజయంలో u.s ప్రభుత్వం యొక్క యుద్ధ వ్యయాలు filipino ప్రజల చేతనే చెల్లించబడ్డాయి
7558454078454619634.wav	Philippinesపై విజయంలో U.S ప్రభుత్వం యొక్క యుద్ధ వ్యయాలు Filipino ప్రజల చేతనే చెల్లించబడ్డాయి.	philippinesపై విజయంలో u.s ప్రభుత్వం యొక్క యుద్ధ వ్యయాలు filipino ప్రజల చేతనే చెల్లించబడ్డాయి
17756861575536066930.wav	గర్భనిరోధక మందులు వైద్య పరమైన అవసరం గా పరిగణించబడాలని స్త్రీ మరియు పురుష వ్యక్తులు ఇద్దరూ కూడా ఆమె కు అనుకూల వ్యాఖ్యలు మరియు ప్రోత్సాహాల కారణంగా ఆమె ఈ నిర్ధారణకు వచ్చింది.	గర్భనిరోధక మందులు వైద్య పరమైన అవసరం గా పరిగణించబడాలని స్త్రీ మరియు పురుష వ్యక్తులు ఇద్దరూ కూడా ఆమె కు అనుకూల వ్యాఖ్యలు మరియు ప్రోత్సాహాల కారణంగా ఆమె ఈ నిర్ధారణకు వచ్చింది
14750410766421109149.wav	గర్భనిరోధక మందులు వైద్య పరమైన అవసరం గా పరిగణించబడాలని స్త్రీ మరియు పురుష వ్యక్తులు ఇద్దరూ కూడా ఆమె కు అనుకూల వ్యాఖ్యలు మరియు ప్రోత్సాహాల కారణంగా ఆమె ఈ నిర్ధారణకు వచ్చింది.	గర్భనిరోధక మందులు వైద్య పరమైన అవసరం గా పరిగణించబడాలని స్త్రీ మరియు పురుష వ్యక్తులు ఇద్దరూ కూడా ఆమె కు అనుకూల వ్యాఖ్యలు మరియు ప్రోత్సాహాల కారణంగా ఆమె ఈ నిర్ధారణకు వచ్చింది
744517014005907498.wav	ఒసేలాట్లు జంతువులను తినడానికి (ఆహారం) వాసన ద్వారా పట్టుకుంటాయని, అవి నేలమీద ఉన్న చోట వాసన పసిగడతాయని శాస్త్రవేత్తలు భావిస్తారు.	ఒసేలాట్లు జంతువులను తినడానికి ఆహారం వాసన ద్వారా పట్టుకుంటాయని అవి నేలమీద ఉన్న చోట వాసన పసిగడతాయని శాస్త్రవేత్తలు భావిస్తారు
6941587584714760093.wav	ఒసేలాట్లు జంతువులను తినడానికి (ఆహారం) వాసన ద్వారా పట్టుకుంటాయని, అవి నేలమీద ఉన్న చోట వాసన పసిగడతాయని శాస్త్రవేత్తలు భావిస్తారు.	ఒసేలాట్లు జంతువులను తినడానికి ఆహారం వాసన ద్వారా పట్టుకుంటాయని అవి నేలమీద ఉన్న చోట వాసన పసిగడతాయని శాస్త్రవేత్తలు భావిస్తారు
15964046063494234415.wav	మంగళవారం నాడు దీనిని తగ్గించాలని నిర్ణయించబడింది, అయితే అత్యవసర కోర్టు తీర్పు తరువాత రక్షించబడింది.	మంగళవారం నాడు దీనిని తగ్గించాలని నిర్ణయించబడింది అయితే అత్యవసర కోర్టు తీర్పు తరువాత రక్షించబడింది
12198909098075945893.wav	మంగళవారం నాడు దీనిని తగ్గించాలని నిర్ణయించబడింది, అయితే అత్యవసర కోర్టు తీర్పు తరువాత రక్షించబడింది.	మంగళవారం నాడు దీనిని తగ్గించాలని నిర్ణయించబడింది అయితే అత్యవసర కోర్టు తీర్పు తరువాత రక్షించబడింది
9682329938203641697.wav	మంగళవారం నాడు దీనిని తగ్గించాలని నిర్ణయించబడింది, అయితే అత్యవసర కోర్టు తీర్పు తరువాత రక్షించబడింది.	మంగళవారం నాడు దీనిని తగ్గించాలని నిర్ణయించబడింది అయితే అత్యవసర కోర్టు తీర్పు తరువాత రక్షించబడింది
1739392790440922682.wav	గతంలో, రింగ్ యొక్క CEO, జామీ సిమినోఫ్, తన గ్యారేజ్ లో తన దుకాణం నుండి తన డోర్ బెల్ వినిపించనప్పుడు సంస్థ ప్రారంభమైంది.	గతంలో రింగ్ యొక్క ceo జామీ సిమినోఫ్ తన గ్యారేజ్ లో తన దుకాణం నుండి తన డోర్ బెల్ వినిపించనప్పుడు సంస్థ ప్రారంభమైంది
13498452566768343296.wav	గతంలో, రింగ్ యొక్క CEO, జామీ సిమినోఫ్, తన గ్యారేజ్ లో తన దుకాణం నుండి తన డోర్ బెల్ వినిపించనప్పుడు సంస్థ ప్రారంభమైంది.	గతంలో రింగ్ యొక్క ceo జామీ సిమినోఫ్ తన గ్యారేజ్ లో తన దుకాణం నుండి తన డోర్ బెల్ వినిపించనప్పుడు సంస్థ ప్రారంభమైంది
12728721102599246785.wav	తరువాత  శతాబ్దాలలో  అమెరికా నుండి లేదా ఆసియా నుండి ఐరోపాకు వచ్చిన ఆహారాలలో ప్రాచీన రోమన్ భోజనం   చేర్చబడలేదు.	తరువాత శతాబ్దాలలో అమెరికా నుండి లేదా ఆసియా నుండి ఐరోపాకు వచ్చిన ఆహారాలలో ప్రాచీన రోమన్ భోజనం చేర్చబడలేదు
5139467887999544593.wav	తరువాత  శతాబ్దాలలో  అమెరికా నుండి లేదా ఆసియా నుండి ఐరోపాకు వచ్చిన ఆహారాలలో ప్రాచీన రోమన్ భోజనం   చేర్చబడలేదు.	తరువాత శతాబ్దాలలో అమెరికా నుండి లేదా ఆసియా నుండి ఐరోపాకు వచ్చిన ఆహారాలలో ప్రాచీన రోమన్ భోజనం చేర్చబడలేదు
6486065117933319192.wav	తరువాత  శతాబ్దాలలో  అమెరికా నుండి లేదా ఆసియా నుండి ఐరోపాకు వచ్చిన ఆహారాలలో ప్రాచీన రోమన్ భోజనం   చేర్చబడలేదు.	తరువాత శతాబ్దాలలో అమెరికా నుండి లేదా ఆసియా నుండి ఐరోపాకు వచ్చిన ఆహారాలలో ప్రాచీన రోమన్ భోజనం చేర్చబడలేదు
1107730815448073996.wav	రాష్ట్రాల మధ్య పన్ను చట్టాలు మరియు  సుంకాలను రద్దుచేసే అధికారం కూడా దీనికి లేదు.	రాష్ట్రాల మధ్య పన్ను చట్టాలు మరియు సుంకాలను రద్దుచేసే అధికారం కూడా దీనికి లేదు
14938286184323530010.wav	రాష్ట్రాల మధ్య పన్ను చట్టాలు మరియు  సుంకాలను రద్దుచేసే అధికారం కూడా దీనికి లేదు.	రాష్ట్రాల మధ్య పన్ను చట్టాలు మరియు సుంకాలను రద్దుచేసే అధికారం కూడా దీనికి లేదు
4050640972668254855.wav	రాష్ట్రాల మధ్య పన్ను చట్టాలు మరియు  సుంకాలను రద్దుచేసే అధికారం కూడా దీనికి లేదు.	రాష్ట్రాల మధ్య పన్ను చట్టాలు మరియు సుంకాలను రద్దుచేసే అధికారం కూడా దీనికి లేదు
6344320714319078521.wav	తరువాత, లక్ఖా సింగ్ భజనలు పాడటానికి ముందుకొచ్చారు.	తరువాత లక్ఖా సింగ్ భజనలు పాడటానికి ముందుకొచ్చారు
977625967063283431.wav	తరువాత, లక్ఖా సింగ్ భజనలు పాడటానికి ముందుకొచ్చారు.	తరువాత లక్ఖా సింగ్ భజనలు పాడటానికి ముందుకొచ్చారు
10980713342471323453.wav	తరువాత, లక్ఖా సింగ్ భజనలు పాడటానికి ముందుకొచ్చారు.	తరువాత లక్ఖా సింగ్ భజనలు పాడటానికి ముందుకొచ్చారు
15406566400443391239.wav	ఈ మడ అడవులు కేవలం చిత్తడి నేలలు మాత్రమే కాదు - ఒకప్పుడు గంగ మైదానాలని కప్పి ఉంచిన శక్తివంతమైన అడవుల అవశేషాలను కలిగి ఉన్నాయి.	ఈ మడ అడవులు కేవలం చిత్తడి నేలలు మాత్రమే కాదు ఒకప్పుడు గంగ మైదానాలని కప్పి ఉంచిన శక్తివంతమైన అడవుల అవశేషాలను కలిగి ఉన్నాయి
15488995845071799588.wav	సంస్థ సృజనాత్మకంగా ఉండటానికి ముందు, నాయకత్వం సృజనాత్మకత యొక్క సంస్కృతిని అలాగే పంచుకునే జ్ఞానాన్ని మరియు సంస్థాగత అభ్యసనను రూపొందించాలి.	సంస్థ సృజనాత్మకంగా ఉండటానికి ముందు నాయకత్వం సృజనాత్మకత యొక్క సంస్కృతిని అలాగే పంచుకునే జ్ఞానాన్ని మరియు సంస్థాగత అభ్యసనను రూపొందించాలి
12207960704669623904.wav	సంస్థ సృజనాత్మకంగా ఉండటానికి ముందు, నాయకత్వం సృజనాత్మకత యొక్క సంస్కృతిని అలాగే పంచుకునే జ్ఞానాన్ని మరియు సంస్థాగత అభ్యసనను రూపొందించాలి.	సంస్థ సృజనాత్మకంగా ఉండటానికి ముందు నాయకత్వం సృజనాత్మకత యొక్క సంస్కృతిని అలాగే పంచుకునే జ్ఞానాన్ని మరియు సంస్థాగత అభ్యసనను రూపొందించాలి
14111992556641833697.wav	అంతరిక్షంలోని ఉపగ్రహం కాల్ ను పొందుతుంది మరియు తరువాత దానిని వెనక్కి తిరిగి, దాదాపు వెంటనే ప్రతిబింబిస్తుంది.	అంతరిక్షంలోని ఉపగ్రహం కాల్ ను పొందుతుంది మరియు తరువాత దానిని వెనక్కి తిరిగి దాదాపు వెంటనే ప్రతిబింబిస్తుంది
9701006649304878974.wav	అంతరిక్షంలోని ఉపగ్రహం కాల్ ను పొందుతుంది మరియు తరువాత దానిని వెనక్కి తిరిగి, దాదాపు వెంటనే ప్రతిబింబిస్తుంది.	అంతరిక్షంలోని ఉపగ్రహం కాల్ ను పొందుతుంది మరియు తరువాత దానిని వెనక్కి తిరిగి దాదాపు వెంటనే ప్రతిబింబిస్తుంది
17020889480374829653.wav	కొన్ని జంతువులు, ఏనుగులు మరియు జిరాఫీలు వంటి జంతువులు, కార్లు మరియు ప్రామాణిక పరికరాలకు దగ్గరగా సమీపానికి వస్తాయి, ఇది మంచి వీక్షణను అనుమతిస్తుంది.	కొన్ని జంతువులు ఏనుగులు మరియు జిరాఫీలు వంటి జంతువులు కార్లు మరియు ప్రామాణిక పరికరాలకు దగ్గరగా సమీపానికి వస్తాయి ఇది మంచి వీక్షణను అనుమతిస్తుంది
13843209588067484334.wav	కొన్ని జంతువులు, ఏనుగులు మరియు జిరాఫీలు వంటి జంతువులు, కార్లు మరియు ప్రామాణిక పరికరాలకు దగ్గరగా సమీపానికి వస్తాయి, ఇది మంచి వీక్షణను అనుమతిస్తుంది.	కొన్ని జంతువులు ఏనుగులు మరియు జిరాఫీలు వంటి జంతువులు కార్లు మరియు ప్రామాణిక పరికరాలకు దగ్గరగా సమీపానికి వస్తాయి ఇది మంచి వీక్షణను అనుమతిస్తుంది
14188521136835594223.wav	రాబిన్ ఊతప్ప ఇన్నింగ్స్​లో అత్యధిక స్కోరు చేశాడు, 11 ఫోర్లు, 2 సిక్సర్లు కొట్టి కేవలం 41 బంతుల్లోనే 70 పరుగులు తీసాడు.	రాబిన్ ఊతప్ప ఇన్నింగ్స్లో అత్యధిక స్కోరు చేశాడు 11 ఫోర్లు 2 సిక్సర్లు కొట్టి కేవలం 41 బంతుల్లోనే 70 పరుగులు తీసాడు
7721745174695712134.wav	రాబిన్ ఊతప్ప ఇన్నింగ్స్​లో అత్యధిక స్కోరు చేశాడు, 11 ఫోర్లు, 2 సిక్సర్లు కొట్టి కేవలం 41 బంతుల్లోనే 70 పరుగులు తీసాడు.	రాబిన్ ఊతప్ప ఇన్నింగ్స్లో అత్యధిక స్కోరు చేశాడు 11 ఫోర్లు 2 సిక్సర్లు కొట్టి కేవలం 41 బంతుల్లోనే 70 పరుగులు తీసాడు
6495255647420457750.wav	రాబిన్ ఊతప్ప ఇన్నింగ్స్​లో అత్యధిక స్కోరు చేశాడు, 11 ఫోర్లు, 2 సిక్సర్లు కొట్టి కేవలం 41 బంతుల్లోనే 70 పరుగులు తీసాడు.	రాబిన్ ఊతప్ప ఇన్నింగ్స్లో అత్యధిక స్కోరు చేశాడు 11 ఫోర్లు 2 సిక్సర్లు కొట్టి కేవలం 41 బంతుల్లోనే 70 పరుగులు తీసాడు
13248106854537459554.wav	ఏదైనా సవరణలు లేదా అభ్యర్థనలు అయితే, ట్రావెల్ ఏజెంట్ ద్వారా మొదట మరియు హోటల్ తో నేరుగా కాకుండా.	ఏదైనా సవరణలు లేదా అభ్యర్థనలు అయితే ట్రావెల్ ఏజెంట్ ద్వారా మొదట మరియు హోటల్ తో నేరుగా కాకుండా
6410218223758933969.wav	ఏదైనా సవరణలు లేదా అభ్యర్థనలు అయితే, ట్రావెల్ ఏజెంట్ ద్వారా మొదట మరియు హోటల్ తో నేరుగా కాకుండా.	ఏదైనా సవరణలు లేదా అభ్యర్థనలు అయితే ట్రావెల్ ఏజెంట్ ద్వారా మొదట మరియు హోటల్ తో నేరుగా కాకుండా
12008057985756835177.wav	ఏదైనా సవరణలు లేదా అభ్యర్థనలు అయితే, ట్రావెల్ ఏజెంట్ ద్వారా మొదట మరియు హోటల్ తో నేరుగా కాకుండా.	ఏదైనా సవరణలు లేదా అభ్యర్థనలు అయితే ట్రావెల్ ఏజెంట్ ద్వారా మొదట మరియు హోటల్ తో నేరుగా కాకుండా
12062522240581776864.wav	మృతదేహం సుమారు ఒక రోజు పాటు అక్కడ ఉందని పోలీసులు చెప్పారు.	మృతదేహం సుమారు ఒక రోజు పాటు అక్కడ ఉందని పోలీసులు చెప్పారు
11453729107760961921.wav	మృతదేహం సుమారు ఒక రోజు పాటు అక్కడ ఉందని పోలీసులు చెప్పారు.	మృతదేహం సుమారు ఒక రోజు పాటు అక్కడ ఉందని పోలీసులు చెప్పారు
16667265272535431209.wav	మృతదేహం సుమారు ఒక రోజు పాటు అక్కడ ఉందని పోలీసులు చెప్పారు.	మృతదేహం సుమారు ఒక రోజు పాటు అక్కడ ఉందని పోలీసులు చెప్పారు
255031662056815628.wav	కోర్సు సాధారణంగా ఇక్కడ చర్చించబడ్డ అన్ని సమస్యలను మరింత వివరంగా, సాధారణంగా ప్రాయోగిక అనుభవంతో కవర్ చేస్తుంది.	కోర్సు సాధారణంగా ఇక్కడ చర్చించబడ్డ అన్ని సమస్యలను మరింత వివరంగా సాధారణంగా ప్రాయోగిక అనుభవంతో కవర్ చేస్తుంది
17598858150344364386.wav	కోర్సు సాధారణంగా ఇక్కడ చర్చించబడ్డ అన్ని సమస్యలను మరింత వివరంగా, సాధారణంగా ప్రాయోగిక అనుభవంతో కవర్ చేస్తుంది.	కోర్సు సాధారణంగా ఇక్కడ చర్చించబడ్డ అన్ని సమస్యలను మరింత వివరంగా సాధారణంగా ప్రాయోగిక అనుభవంతో కవర్ చేస్తుంది
8443780574696760586.wav	ఒలింపిక్ బంగారు పతక విజేత 100 m మరియు 200 m ఫ్రీస్టైల్‌లో మరియు కామన్వెల్త్ క్రీడలలోని 3 రిలేలలో ఈత కొట్టవలసి ఉంది, కానీ అతనిపై ఉన్న ఫిర్యాదుల కారణంగా అతని ఫిట్‌నెస్‌పై అనుమానంగా ఉంది.	ఒలింపిక్ బంగారు పతక విజేత 100 m మరియు 200 m ఫ్రీస్టైల్లో మరియు కామన్వెల్త్ క్రీడలలోని 3 రిలేలలో ఈత కొట్టవలసి ఉంది కానీ అతనిపై ఉన్న ఫిర్యాదుల కారణంగా అతని ఫిట్నెస్పై అనుమానంగా ఉంది
17147160693327116664.wav	ఒలింపిక్ బంగారు పతక విజేత 100 m మరియు 200 m ఫ్రీస్టైల్‌లో మరియు కామన్వెల్త్ క్రీడలలోని 3 రిలేలలో ఈత కొట్టవలసి ఉంది, కానీ అతనిపై ఉన్న ఫిర్యాదుల కారణంగా అతని ఫిట్‌నెస్‌పై అనుమానంగా ఉంది.	ఒలింపిక్ బంగారు పతక విజేత 100 m మరియు 200 m ఫ్రీస్టైల్లో మరియు కామన్వెల్త్ క్రీడలలోని 3 రిలేలలో ఈత కొట్టవలసి ఉంది కానీ అతనిపై ఉన్న ఫిర్యాదుల కారణంగా అతని ఫిట్నెస్పై అనుమానంగా ఉంది
5338271796691129243.wav	ఒలింపిక్ బంగారు పతక విజేత 100 m మరియు 200 m ఫ్రీస్టైల్‌లో మరియు కామన్వెల్త్ క్రీడలలోని 3 రిలేలలో ఈత కొట్టవలసి ఉంది, కానీ అతనిపై ఉన్న ఫిర్యాదుల కారణంగా అతని ఫిట్‌నెస్‌పై అనుమానంగా ఉంది.	ఒలింపిక్ బంగారు పతక విజేత 100 m మరియు 200 m ఫ్రీస్టైల్లో మరియు కామన్వెల్త్ క్రీడలలోని 3 రిలేలలో ఈత కొట్టవలసి ఉంది కానీ అతనిపై ఉన్న ఫిర్యాదుల కారణంగా అతని ఫిట్నెస్పై అనుమానంగా ఉంది
13954844189132106122.wav	2010 ఫెడరల్ ఎలెక్షన్ కి  ముందు పోల్ అయిన  1,400 మందిలో, ఆస్ట్రేలియా రిపబ్లిక్ కావడాన్ని వ్యతిరేకించే వారు 2008 నుండి 8 శాతం పెరిగారు.	2010 ఫెడరల్ ఎలెక్షన్ కి ముందు పోల్ అయిన 1,400 మందిలో ఆస్ట్రేలియా రిపబ్లిక్ కావడాన్ని వ్యతిరేకించే వారు 2008 నుండి 8 శాతం పెరిగారు
14554005498135797778.wav	హస్తకళా ఉత్పత్తులను పురాతన వస్తువులుగా నిర్వచించవచ్చు, అయితే అవి ఎక్కువ సంఖ్యలో   ఉత్పత్తి చేయబడిన వస్తువుల కంటే చిన్నవి.	హస్తకళా ఉత్పత్తులను పురాతన వస్తువులుగా నిర్వచించవచ్చు అయితే అవి ఎక్కువ సంఖ్యలో ఉత్పత్తి చేయబడిన వస్తువుల కంటే చిన్నవి
10935669630549613931.wav	హస్తకళా ఉత్పత్తులను పురాతన వస్తువులుగా నిర్వచించవచ్చు, అయితే అవి ఎక్కువ సంఖ్యలో   ఉత్పత్తి చేయబడిన వస్తువుల కంటే చిన్నవి.	హస్తకళా ఉత్పత్తులను పురాతన వస్తువులుగా నిర్వచించవచ్చు అయితే అవి ఎక్కువ సంఖ్యలో ఉత్పత్తి చేయబడిన వస్తువుల కంటే చిన్నవి
17200254077660506160.wav	హస్తకళా ఉత్పత్తులను పురాతన వస్తువులుగా నిర్వచించవచ్చు, అయితే అవి ఎక్కువ సంఖ్యలో   ఉత్పత్తి చేయబడిన వస్తువుల కంటే చిన్నవి.	హస్తకళా ఉత్పత్తులను పురాతన వస్తువులుగా నిర్వచించవచ్చు అయితే అవి ఎక్కువ సంఖ్యలో ఉత్పత్తి చేయబడిన వస్తువుల కంటే చిన్నవి
14730932605390897825.wav	"నేను నా సోదరిని ఇంకా ఆమె స్నేహితుడిని కోల్పోయాను, నా మార్గంలో వీల్‌చైర్‌లలో ఇద్దరు వికలాంగులు ఉన్నారు, అందరు వ్యక్తులు దూకుతూ వారిని నెడుతున్నారు"" అని Armand Versace చెప్పారు."	నేను నా సోదరిని ఇంకా ఆమె స్నేహితుడిని కోల్పోయాను నా మార్గంలో వీల్చైర్లలో ఇద్దరు వికలాంగులు ఉన్నారు అందరు వ్యక్తులు దూకుతూ వారిని నెడుతున్నారు అని armand versace చెప్పారు
10224214821985237981.wav	"నేను నా సోదరిని ఇంకా ఆమె స్నేహితుడిని కోల్పోయాను, నా మార్గంలో వీల్‌చైర్‌లలో ఇద్దరు వికలాంగులు ఉన్నారు, అందరు వ్యక్తులు దూకుతూ వారిని నెడుతున్నారు"" అని Armand Versace చెప్పారు."	నేను నా సోదరిని ఇంకా ఆమె స్నేహితుడిని కోల్పోయాను నా మార్గంలో వీల్చైర్లలో ఇద్దరు వికలాంగులు ఉన్నారు అందరు వ్యక్తులు దూకుతూ వారిని నెడుతున్నారు అని armand versace చెప్పారు
11066676943397022910.wav	"నేను నా సోదరిని ఇంకా ఆమె స్నేహితుడిని కోల్పోయాను, నా మార్గంలో వీల్‌చైర్‌లలో ఇద్దరు వికలాంగులు ఉన్నారు, అందరు వ్యక్తులు దూకుతూ వారిని నెడుతున్నారు"" అని Armand Versace చెప్పారు."	నేను నా సోదరిని ఇంకా ఆమె స్నేహితుడిని కోల్పోయాను నా మార్గంలో వీల్చైర్లలో ఇద్దరు వికలాంగులు ఉన్నారు అందరు వ్యక్తులు దూకుతూ వారిని నెడుతున్నారు అని armand versace చెప్పారు
12604388238772310077.wav	United Statesలో Middle East‌లో ఉన్న విధానం గురించి బహిరంగ చర్చ మరియు ఏకాభిప్రాయం ఏర్పడటం కోసం విజ్ఞప్తితో నివేదిక ప్రారంభం అవుతుంది.	united statesలో middle east‌లో ఉన్న విధానం గురించి బహిరంగ చర్చ మరియు ఏకాభిప్రాయం ఏర్పడటం కోసం విజ్ఞప్తితో నివేదిక ప్రారంభం అవుతుంది
1736520671717678691.wav	అతను WiFi డోర్ బెల్ నిర్మించాడు. అని చెప్పాడు.	అతను wifi డోర్ బెల్ నిర్మించాడు అని చెప్పాడు
12558528642016944081.wav	అతను WiFi డోర్ బెల్ నిర్మించాడు. అని చెప్పాడు.	అతను wifi డోర్ బెల్ నిర్మించాడు అని చెప్పాడు
14041469863539322252.wav	అతను WiFi డోర్ బెల్ నిర్మించాడు. అని చెప్పాడు.	అతను wifi డోర్ బెల్ నిర్మించాడు అని చెప్పాడు
8129917423360496223.wav	పోలీసులు ఇచ్చిన వివరాల ప్రకారం, ఫోటోగ్రాఫర్‌ను డీకొట్టిన వాహన డ్రైవర్‌కు‌ నేరారోపణలు ఎదుర్కొనే అవకాశం లేదు.	పోలీసులు ఇచ్చిన వివరాల ప్రకారం ఫోటోగ్రాఫర్ను డీకొట్టిన వాహన డ్రైవర్కు నేరారోపణలు ఎదుర్కొనే అవకాశం లేదు
7887541787601997043.wav	పోలీసులు ఇచ్చిన వివరాల ప్రకారం, ఫోటోగ్రాఫర్‌ను డీకొట్టిన వాహన డ్రైవర్‌కు‌ నేరారోపణలు ఎదుర్కొనే అవకాశం లేదు.	పోలీసులు ఇచ్చిన వివరాల ప్రకారం ఫోటోగ్రాఫర్ను డీకొట్టిన వాహన డ్రైవర్కు నేరారోపణలు ఎదుర్కొనే అవకాశం లేదు
18208888401372484432.wav	దేశవ్యాప్తంగా ఉన్న ప్రముఖ గాయకులు శ్రీ శ్యాము పాదాలకు భజనలు, లేదా భక్తి గీతాలు సమర్పించారు.	దేశవ్యాప్తంగా ఉన్న ప్రముఖ గాయకులు శ్రీ శ్యాము పాదాలకు భజనలు లేదా భక్తి గీతాలు సమర్పించారు
17049042956057927883.wav	దేశవ్యాప్తంగా ఉన్న ప్రముఖ గాయకులు శ్రీ శ్యాము పాదాలకు భజనలు, లేదా భక్తి గీతాలు సమర్పించారు.	దేశవ్యాప్తంగా ఉన్న ప్రముఖ గాయకులు శ్రీ శ్యాము పాదాలకు భజనలు లేదా భక్తి గీతాలు సమర్పించారు
6590195862073334521.wav	దేశవ్యాప్తంగా ఉన్న ప్రముఖ గాయకులు శ్రీ శ్యాము పాదాలకు భజనలు, లేదా భక్తి గీతాలు సమర్పించారు.	దేశవ్యాప్తంగా ఉన్న ప్రముఖ గాయకులు శ్రీ శ్యాము పాదాలకు భజనలు లేదా భక్తి గీతాలు సమర్పించారు
17609875601374787567.wav	విద్యార్థులు తరచుగా అత్యంత విమర్శనాత్మక ప్రేక్షకులు కాబట్టి, విమర్శను నివారించడానికి బ్లాగు రచయిత రచనను మెరుగుపరచడానికి కృషి చేయడం మొదలు పెడతాడు.	విద్యార్థులు తరచుగా అత్యంత విమర్శనాత్మక ప్రేక్షకులు కాబట్టి విమర్శను నివారించడానికి బ్లాగు రచయిత రచనను మెరుగుపరచడానికి కృషి చేయడం మొదలు పెడతాడు
7670306810404461715.wav	విద్యార్థులు తరచుగా అత్యంత విమర్శనాత్మక ప్రేక్షకులు కాబట్టి, విమర్శను నివారించడానికి బ్లాగు రచయిత రచనను మెరుగుపరచడానికి కృషి చేయడం మొదలు పెడతాడు.	విద్యార్థులు తరచుగా అత్యంత విమర్శనాత్మక ప్రేక్షకులు కాబట్టి విమర్శను నివారించడానికి బ్లాగు రచయిత రచనను మెరుగుపరచడానికి కృషి చేయడం మొదలు పెడతాడు
4130515960743359127.wav	అట ముగిసే సరికి స్కోరు 21-20, 1 పాయింట్‌తో విజయం సాధించి, All Blacks' యొక్క 15 వరుస విజయాల పరంపరకు ముగింపు పలికింది.	అట ముగిసే సరికి స్కోరు 21-20 1 పాయింట్తో విజయం సాధించి all blacks' యొక్క 15 వరుస విజయాల పరంపరకు ముగింపు పలికింది
4839923289946552426.wav	అరబ్బులు కూడా ఇస్లాంను వారి ప్రాంతాలకు తీసుకువచ్చారు, మరియు ఇది కొమొరోస్ ఇంకా మయోట్టేలలో చాలా కాలం పట్టింది.	అరబ్బులు కూడా ఇస్లాంను వారి ప్రాంతాలకు తీసుకువచ్చారు మరియు ఇది కొమొరోస్ ఇంకా మయోట్టేలలో చాలా కాలం పట్టింది
4626262181540781528.wav	అరబ్బులు కూడా ఇస్లాంను వారి ప్రాంతాలకు తీసుకువచ్చారు, మరియు ఇది కొమొరోస్ ఇంకా మయోట్టేలలో చాలా కాలం పట్టింది.	అరబ్బులు కూడా ఇస్లాంను వారి ప్రాంతాలకు తీసుకువచ్చారు మరియు ఇది కొమొరోస్ ఇంకా మయోట్టేలలో చాలా కాలం పట్టింది
15512433632973387021.wav	అరబ్బులు కూడా ఇస్లాంను వారి ప్రాంతాలకు తీసుకువచ్చారు, మరియు ఇది కొమొరోస్ ఇంకా మయోట్టేలలో చాలా కాలం పట్టింది.	అరబ్బులు కూడా ఇస్లాంను వారి ప్రాంతాలకు తీసుకువచ్చారు మరియు ఇది కొమొరోస్ ఇంకా మయోట్టేలలో చాలా కాలం పట్టింది
12452007323283953235.wav	కొరియర్ కంపెనీలు వస్తువులను వేగంగా డెలివరీ చేయడం కొరకు బాగా చెల్లించబడతాయి. తరచుగా, అర్జెంట్ రిపేర్ కొరకు బిజినెస్ డాక్యుమెంట్ లు, మర్కండైజింగ్ లేదా స్పేర్ పార్టులతో సమయం ఎంతో ముఖ్యమైనది.	కొరియర్ కంపెనీలు వస్తువులను వేగంగా డెలివరీ చేయడం కొరకు బాగా చెల్లించబడతాయి తరచుగా అర్జెంట్ రిపేర్ కొరకు బిజినెస్ డాక్యుమెంట్ లు మర్కండైజింగ్ లేదా స్పేర్ పార్టులతో సమయం ఎంతో ముఖ్యమైనది
10235457838657946559.wav	దయచేసి ఈ ప్రదేశాన్ని తగిన విధంగా గౌరవించి, పవిత్రంగా భావించండి. Holocaust లేదా Nazis గురించి వేళాకోళం చేయకండి.	దయచేసి ఈ ప్రదేశాన్ని తగిన విధంగా గౌరవించి పవిత్రంగా భావించండి holocaust లేదా nazis గురించి వేళాకోళం చేయకండి
1445776447925681960.wav	దయచేసి ఈ ప్రదేశాన్ని తగిన విధంగా గౌరవించి, పవిత్రంగా భావించండి. Holocaust లేదా Nazis గురించి వేళాకోళం చేయకండి.	దయచేసి ఈ ప్రదేశాన్ని తగిన విధంగా గౌరవించి పవిత్రంగా భావించండి holocaust లేదా nazis గురించి వేళాకోళం చేయకండి
2237758068563848036.wav	దయచేసి ఈ ప్రదేశాన్ని తగిన విధంగా గౌరవించి, పవిత్రంగా భావించండి. Holocaust లేదా Nazis గురించి వేళాకోళం చేయకండి.	దయచేసి ఈ ప్రదేశాన్ని తగిన విధంగా గౌరవించి పవిత్రంగా భావించండి holocaust లేదా nazis గురించి వేళాకోళం చేయకండి
17955750020840844450.wav	ఘర్షణలు ఎక్కువగా ఉండటం కారణంగా పేలుడు భారీగా జరిగిందని శాస్త్రవేత్తలు అంటున్నారు.	ఘర్షణలు ఎక్కువగా ఉండటం కారణంగా పేలుడు భారీగా జరిగిందని శాస్త్రవేత్తలు అంటున్నారు
3834981666965740676.wav	ఘర్షణలు ఎక్కువగా ఉండటం కారణంగా పేలుడు భారీగా జరిగిందని శాస్త్రవేత్తలు అంటున్నారు.	ఘర్షణలు ఎక్కువగా ఉండటం కారణంగా పేలుడు భారీగా జరిగిందని శాస్త్రవేత్తలు అంటున్నారు
827081285087932017.wav	ఎఫ్‌ఐసి వెస్ట్ స్టోర్ నుండి స్టాన్లీ ద్వీపాలలో ఉన్న ఏకైక బ్యాంకు వద్ద డబ్బు ఎక్స్‌చేంజ్ చేసుకోవచ్చు.	ఎఫ్ఐసి వెస్ట్ స్టోర్ నుండి స్టాన్లీ ద్వీపాలలో ఉన్న ఏకైక బ్యాంకు వద్ద డబ్బు ఎక్స్చేంజ్ చేసుకోవచ్చు
7641394692470239880.wav	ఎఫ్‌ఐసి వెస్ట్ స్టోర్ నుండి స్టాన్లీ ద్వీపాలలో ఉన్న ఏకైక బ్యాంకు వద్ద డబ్బు ఎక్స్‌చేంజ్ చేసుకోవచ్చు.	ఎఫ్ఐసి వెస్ట్ స్టోర్ నుండి స్టాన్లీ ద్వీపాలలో ఉన్న ఏకైక బ్యాంకు వద్ద డబ్బు ఎక్స్చేంజ్ చేసుకోవచ్చు
1063850323199141412.wav	ఎఫ్‌ఐసి వెస్ట్ స్టోర్ నుండి స్టాన్లీ ద్వీపాలలో ఉన్న ఏకైక బ్యాంకు వద్ద డబ్బు ఎక్స్‌చేంజ్ చేసుకోవచ్చు.	ఎఫ్ఐసి వెస్ట్ స్టోర్ నుండి స్టాన్లీ ద్వీపాలలో ఉన్న ఏకైక బ్యాంకు వద్ద డబ్బు ఎక్స్చేంజ్ చేసుకోవచ్చు
7995143575998613716.wav	బిష్కెక్ వీధుల్లో లా ఎన్ ఫోర్స్ మెంట్ అధికారులు లేకపోవడం వల్ల, రాత్రంతా విస్తృతంగా దోపిడి లు జరిగాయి.	బిష్కెక్ వీధుల్లో లా ఎన్ ఫోర్స్ మెంట్ అధికారులు లేకపోవడం వల్ల రాత్రంతా విస్తృతంగా దోపిడి లు జరిగాయి
16527439319199332605.wav	బిష్కెక్ వీధుల్లో లా ఎన్ ఫోర్స్ మెంట్ అధికారులు లేకపోవడం వల్ల, రాత్రంతా విస్తృతంగా దోపిడి లు జరిగాయి.	బిష్కెక్ వీధుల్లో లా ఎన్ ఫోర్స్ మెంట్ అధికారులు లేకపోవడం వల్ల రాత్రంతా విస్తృతంగా దోపిడి లు జరిగాయి
14632563994010981115.wav	బిష్కెక్ వీధుల్లో లా ఎన్ ఫోర్స్ మెంట్ అధికారులు లేకపోవడం వల్ల, రాత్రంతా విస్తృతంగా దోపిడి లు జరిగాయి.	బిష్కెక్ వీధుల్లో లా ఎన్ ఫోర్స్ మెంట్ అధికారులు లేకపోవడం వల్ల రాత్రంతా విస్తృతంగా దోపిడి లు జరిగాయి
14732672076905015625.wav	"""బుష్ ప్రతినిధి గోర్డాన్ జాన్డ్రో ఉత్తర కొరియా ప్రతిజ్ఞ కొరియా ద్వీపకల్పం యొక్క ధ్రువీకరించిన నిర్వీర్యీకరణను సాధించే లక్ష్యం దిశగా ఒక ప్రధాన అడుగు"" అని అన్నాడు."	"""బుష్ ప్రతినిధి గోర్డాన్ జాన్డ్రో ఉత్తర కొరియా ప్రతిజ్ఞ కొరియా ద్వీపకల్పం యొక్క ధ్రువీకరించిన నిర్వీర్యీకరణను సాధించే లక్ష్యం దిశగా ఒక ప్రధాన అడుగు అని అన్నాడు."
2874777637154235496.wav	చర్చి యార్డులో కొన్ని సమాధులపై ఆసక్తికరమైన పావురాళ్ల పాలరాతి శిల్పాలు ఉన్నాయి.	చర్చి యార్డులో కొన్ని సమాధులపై ఆసక్తికరమైన పావురాళ్ల పాలరాతి శిల్పాలు ఉన్నాయి
7457118547012240735.wav	చర్చి యార్డులో కొన్ని సమాధులపై ఆసక్తికరమైన పావురాళ్ల పాలరాతి శిల్పాలు ఉన్నాయి.	చర్చి యార్డులో కొన్ని సమాధులపై ఆసక్తికరమైన పావురాళ్ల పాలరాతి శిల్పాలు ఉన్నాయి
750272357182861411.wav	పురుషుల సిట్టింగ్ సూపర్-జిలో మెక్సికోకు చెందిన ఆర్లీ వెలాస్క్వెజ్ పదిహేనవ స్థానంలో నిలిచాడు. పురుషుల స్టాండింగ్ సూపర్-జిలో న్యూజిలాండ్ ఆడమ్ హాల్ తొమ్మిదో స్థానంలో నిలిచాడు.	పురుషుల సిట్టింగ్ సూపర్-జిలో మెక్సికోకు చెందిన ఆర్లీ వెలాస్క్వెజ్ పదిహేనవ స్థానంలో నిలిచాడు పురుషుల స్టాండింగ్ సూపర్-జిలో న్యూజిలాండ్ ఆడమ్ హాల్ తొమ్మిదో స్థానంలో నిలిచాడు
1117103902954200860.wav	పురుషుల సిట్టింగ్ సూపర్-జిలో మెక్సికోకు చెందిన ఆర్లీ వెలాస్క్వెజ్ పదిహేనవ స్థానంలో నిలిచాడు. పురుషుల స్టాండింగ్ సూపర్-జిలో న్యూజిలాండ్ ఆడమ్ హాల్ తొమ్మిదో స్థానంలో నిలిచాడు.	పురుషుల సిట్టింగ్ సూపర్-జిలో మెక్సికోకు చెందిన ఆర్లీ వెలాస్క్వెజ్ పదిహేనవ స్థానంలో నిలిచాడు పురుషుల స్టాండింగ్ సూపర్-జిలో న్యూజిలాండ్ ఆడమ్ హాల్ తొమ్మిదో స్థానంలో నిలిచాడు
11952313509590492347.wav	పురుషుల సిట్టింగ్ సూపర్-జిలో మెక్సికోకు చెందిన ఆర్లీ వెలాస్క్వెజ్ పదిహేనవ స్థానంలో నిలిచాడు. పురుషుల స్టాండింగ్ సూపర్-జిలో న్యూజిలాండ్ ఆడమ్ హాల్ తొమ్మిదో స్థానంలో నిలిచాడు.	పురుషుల సిట్టింగ్ సూపర్-జిలో మెక్సికోకు చెందిన ఆర్లీ వెలాస్క్వెజ్ పదిహేనవ స్థానంలో నిలిచాడు పురుషుల స్టాండింగ్ సూపర్-జిలో న్యూజిలాండ్ ఆడమ్ హాల్ తొమ్మిదో స్థానంలో నిలిచాడు
11196070860779376126.wav	రోజుకు కేవలం పద్దెనిమిది మెడల్స్ మాత్రమే అందుబాటులో ఉండటం వలన, అనేక దేశాలు మెడల్  పోడియంను చేరడంలో విఫలమయ్యాయి.	రోజుకు కేవలం పద్దెనిమిది మెడల్స్ మాత్రమే అందుబాటులో ఉండటం వలన అనేక దేశాలు మెడల్ పోడియంను చేరడంలో విఫలమయ్యాయి
8329327331887234897.wav	రోజుకు కేవలం పద్దెనిమిది మెడల్స్ మాత్రమే అందుబాటులో ఉండటం వలన, అనేక దేశాలు మెడల్  పోడియంను చేరడంలో విఫలమయ్యాయి.	రోజుకు కేవలం పద్దెనిమిది మెడల్స్ మాత్రమే అందుబాటులో ఉండటం వలన అనేక దేశాలు మెడల్ పోడియంను చేరడంలో విఫలమయ్యాయి
8606699003960782442.wav	మాజీ హౌస్ స్పీకర్ న్యూట్ జింగ్రిచ్, టెక్సాస్ గవర్నర్ రిక్ పెర్రీ,  కాంగ్రెస్ మహిళ మిచెల్ బాచ్ మన్ వరుసగా నాలుగో, ఐదవ, ఇంకా ఆరవ స్థానాల్లో నిలిచారు.	మాజీ హౌస్ స్పీకర్ న్యూట్ జింగ్రిచ్ టెక్సాస్ గవర్నర్ రిక్ పెర్రీ కాంగ్రెస్ మహిళ మిచెల్ బాచ్ మన్ వరుసగా నాలుగో ఐదవ ఇంకా ఆరవ స్థానాల్లో నిలిచారు
1126482296195437753.wav	ఉత్తర భాగం లేదా సెంటినెల్ రేంజ్‌లో అంటార్కిటికా యొక్క ఎత్తైన పర్వతాలు ఉన్నాయి , విన్సన్ మాసిఫ్ , ఇది 4892 మీటర్ల మౌంట్ విన్సన్ దగ్గర ఉంది.	ఉత్తర భాగం లేదా సెంటినెల్ రేంజ్‌లో అంటార్కిటికా యొక్క ఎత్తైన పర్వతాలు ఉన్నాయి  విన్సన్ మాసిఫ్  ఇది 4892 మీటర్ల మౌంట్ విన్సన్ దగ్గర ఉంది
5528207105726723029.wav	ఉత్తర భాగం లేదా సెంటినెల్ రేంజ్‌లో అంటార్కిటికా యొక్క ఎత్తైన పర్వతాలు ఉన్నాయి , విన్సన్ మాసిఫ్ , ఇది 4892 మీటర్ల మౌంట్ విన్సన్ దగ్గర ఉంది.	ఉత్తర భాగం లేదా సెంటినెల్ రేంజ్‌లో అంటార్కిటికా యొక్క ఎత్తైన పర్వతాలు ఉన్నాయి  విన్సన్ మాసిఫ్  ఇది 4892 మీటర్ల మౌంట్ విన్సన్ దగ్గర ఉంది
13825708202334673954.wav	ఉత్తర భాగం లేదా సెంటినెల్ రేంజ్‌లో అంటార్కిటికా యొక్క ఎత్తైన పర్వతాలు ఉన్నాయి , విన్సన్ మాసిఫ్ , ఇది 4892 మీటర్ల మౌంట్ విన్సన్ దగ్గర ఉంది.	ఉత్తర భాగం లేదా సెంటినెల్ రేంజ్‌లో అంటార్కిటికా యొక్క ఎత్తైన పర్వతాలు ఉన్నాయి  విన్సన్ మాసిఫ్  ఇది 4892 మీటర్ల మౌంట్ విన్సన్ దగ్గర ఉంది
9075412999863504487.wav	2 గంటల వ్యవధిలో మరో 3 బాంబులు ప్రభుత్వ భవనాల సమీపంలో పేలిపోయాయి.	2 గంటల వ్యవధిలో మరో 3 బాంబులు ప్రభుత్వ భవనాల సమీపంలో పేలిపోయాయి
6938275623427421659.wav	2 గంటల వ్యవధిలో మరో 3 బాంబులు ప్రభుత్వ భవనాల సమీపంలో పేలిపోయాయి.	2 గంటల వ్యవధిలో మరో 3 బాంబులు ప్రభుత్వ భవనాల సమీపంలో పేలిపోయాయి
18144839321274372420.wav	2 గంటల వ్యవధిలో మరో 3 బాంబులు ప్రభుత్వ భవనాల సమీపంలో పేలిపోయాయి.	2 గంటల వ్యవధిలో మరో 3 బాంబులు ప్రభుత్వ భవనాల సమీపంలో పేలిపోయాయి
8721819467652759399.wav	ప్రారంభంలో దుస్తులు తూర్పులో బైజాంటైన్ సంస్కృతిచే అధికంగా ప్రభావితమైంది.	ప్రారంభంలో దుస్తులు తూర్పులో బైజాంటైన్ సంస్కృతిచే అధికంగా ప్రభావితమైంది
14860283764202227706.wav	ప్రారంభంలో దుస్తులు తూర్పులో బైజాంటైన్ సంస్కృతిచే అధికంగా ప్రభావితమైంది.	ప్రారంభంలో దుస్తులు తూర్పులో బైజాంటైన్ సంస్కృతిచే అధికంగా ప్రభావితమైంది
5286209640174342036.wav	ప్రారంభంలో దుస్తులు తూర్పులో బైజాంటైన్ సంస్కృతిచే అధికంగా ప్రభావితమైంది.	ప్రారంభంలో దుస్తులు తూర్పులో బైజాంటైన్ సంస్కృతిచే అధికంగా ప్రభావితమైంది
13452107150855706465.wav	అమెరికా సంయుక్త రాష్ట్రాల వ్యాప్తంగా, మల్టిపుల్ స్క్లేరోసిస్ (MS) సుమారు 400,000 తెలిసిన కేసులు ఉన్నాయి, ఇది చిన్న మరియు మధ్య వయస్కులలో ప్రధాన నరాల వ్యాధిగా వదిలివేయబడింది.	అమెరికా సంయుక్త రాష్ట్రాల వ్యాప్తంగా మల్టిపుల్ స్క్లేరోసిస్ ms సుమారు 400,000 తెలిసిన కేసులు ఉన్నాయి ఇది చిన్న మరియు మధ్య వయస్కులలో ప్రధాన నరాల వ్యాధిగా వదిలివేయబడింది
9779053037841754145.wav	అమెరికా సంయుక్త రాష్ట్రాల వ్యాప్తంగా, మల్టిపుల్ స్క్లేరోసిస్ (MS) సుమారు 400,000 తెలిసిన కేసులు ఉన్నాయి, ఇది చిన్న మరియు మధ్య వయస్కులలో ప్రధాన నరాల వ్యాధిగా వదిలివేయబడింది.	అమెరికా సంయుక్త రాష్ట్రాల వ్యాప్తంగా మల్టిపుల్ స్క్లేరోసిస్ ms సుమారు 400,000 తెలిసిన కేసులు ఉన్నాయి ఇది చిన్న మరియు మధ్య వయస్కులలో ప్రధాన నరాల వ్యాధిగా వదిలివేయబడింది
10496165506430922720.wav	పోలాండ్ పురుషుల దృష్టి లోపం ఉన్న స్కీయర్ మాకీజ్ క్రెజెల్ మరియు గైడ్ అన్నా ఒగార్జిన్స్‌కా సూపర్-Gలో పదమూడవ స్థానంలో నిలిచారు. పురుషుల సిట్టింగ్ సూపర్-Gలో దక్షిణ కొరియాకు చెందిన జోంగ్ సియోర్క్ పార్క్ ఇరవై నాలుగో స్థానంలో నిలిచింది.	పోలాండ్ పురుషుల దృష్టి లోపం ఉన్న స్కీయర్ మాకీజ్ క్రెజెల్ మరియు గైడ్ అన్నా ఒగార్జిన్స్‌కా సూపర్-gలో పదమూడవ స్థానంలో నిలిచారు. పురుషుల సిట్టింగ్ సూపర్-gలో దక్షిణ కొరియాకు చెందిన జోంగ్ సియోర్క్ పార్క్ ఇరవై నాలుగో స్థానంలో నిలిచింది
15043558333020294698.wav	పోలాండ్ పురుషుల దృష్టి లోపం ఉన్న స్కీయర్ మాకీజ్ క్రెజెల్ మరియు గైడ్ అన్నా ఒగార్జిన్స్‌కా సూపర్-Gలో పదమూడవ స్థానంలో నిలిచారు. పురుషుల సిట్టింగ్ సూపర్-Gలో దక్షిణ కొరియాకు చెందిన జోంగ్ సియోర్క్ పార్క్ ఇరవై నాలుగో స్థానంలో నిలిచింది.	పోలాండ్ పురుషుల దృష్టి లోపం ఉన్న స్కీయర్ మాకీజ్ క్రెజెల్ మరియు గైడ్ అన్నా ఒగార్జిన్స్‌కా సూపర్-gలో పదమూడవ స్థానంలో నిలిచారు. పురుషుల సిట్టింగ్ సూపర్-gలో దక్షిణ కొరియాకు చెందిన జోంగ్ సియోర్క్ పార్క్ ఇరవై నాలుగో స్థానంలో నిలిచింది
16928825788490431431.wav	వర్చువల్ ఫీల్డ్ ట్రిప్స్ తో టెక్నాలజీ పరిష్కారాన్ని అందిస్తుంది. విద్యార్థులు మ్యూజియం కళాఖండాలను చూడవచ్చు, అక్వేరియంను సందర్శించవచ్చు లేదా వాళ్ళ  క్లాసులో కూర్చుని అందమైన కళను ఆరాధించవచ్చు.	వర్చువల్ ఫీల్డ్ ట్రిప్స్ తో టెక్నాలజీ పరిష్కారాన్ని అందిస్తుంది విద్యార్థులు మ్యూజియం కళాఖండాలను చూడవచ్చు అక్వేరియంను సందర్శించవచ్చు లేదా వాళ్ళ క్లాసులో కూర్చుని అందమైన కళను ఆరాధించవచ్చు
9606134904533130568.wav	వర్చువల్ ఫీల్డ్ ట్రిప్స్ తో టెక్నాలజీ పరిష్కారాన్ని అందిస్తుంది. విద్యార్థులు మ్యూజియం కళాఖండాలను చూడవచ్చు, అక్వేరియంను సందర్శించవచ్చు లేదా వాళ్ళ  క్లాసులో కూర్చుని అందమైన కళను ఆరాధించవచ్చు.	వర్చువల్ ఫీల్డ్ ట్రిప్స్ తో టెక్నాలజీ పరిష్కారాన్ని అందిస్తుంది విద్యార్థులు మ్యూజియం కళాఖండాలను చూడవచ్చు అక్వేరియంను సందర్శించవచ్చు లేదా వాళ్ళ క్లాసులో కూర్చుని అందమైన కళను ఆరాధించవచ్చు
6069190883682245740.wav	పర్యావరణానికి మరింత స్నేహపూర్వకంగా జీవించడం ప్రారంభించవచ్చు, మనం పర్యావరణ ఉద్యమంలో చేరవచ్చు, భవిష్యత్తులో వచ్చే బాధలను కొంత మేరకు తగ్గించడం కొరకు మనం ఉద్యమకారులుగా కూడా ఉండవచ్చు.	పర్యావరణానికి మరింత స్నేహపూర్వకంగా జీవించడం ప్రారంభించవచ్చు మనం పర్యావరణ ఉద్యమంలో చేరవచ్చు భవిష్యత్తులో వచ్చే బాధలను కొంత మేరకు తగ్గించడం కొరకు మనం ఉద్యమకారులుగా కూడా ఉండవచ్చు
4545597839603357682.wav	పర్యావరణానికి మరింత స్నేహపూర్వకంగా జీవించడం ప్రారంభించవచ్చు, మనం పర్యావరణ ఉద్యమంలో చేరవచ్చు, భవిష్యత్తులో వచ్చే బాధలను కొంత మేరకు తగ్గించడం కొరకు మనం ఉద్యమకారులుగా కూడా ఉండవచ్చు.	పర్యావరణానికి మరింత స్నేహపూర్వకంగా జీవించడం ప్రారంభించవచ్చు మనం పర్యావరణ ఉద్యమంలో చేరవచ్చు భవిష్యత్తులో వచ్చే బాధలను కొంత మేరకు తగ్గించడం కొరకు మనం ఉద్యమకారులుగా కూడా ఉండవచ్చు
12435413799604194883.wav	పర్యావరణానికి మరింత స్నేహపూర్వకంగా జీవించడం ప్రారంభించవచ్చు, మనం పర్యావరణ ఉద్యమంలో చేరవచ్చు, భవిష్యత్తులో వచ్చే బాధలను కొంత మేరకు తగ్గించడం కొరకు మనం ఉద్యమకారులుగా కూడా ఉండవచ్చు.	పర్యావరణానికి మరింత స్నేహపూర్వకంగా జీవించడం ప్రారంభించవచ్చు మనం పర్యావరణ ఉద్యమంలో చేరవచ్చు భవిష్యత్తులో వచ్చే బాధలను కొంత మేరకు తగ్గించడం కొరకు మనం ఉద్యమకారులుగా కూడా ఉండవచ్చు
2365056730419401691.wav	మంచు మరియు మంచుతో ఉన్న రోడ్డు మార్గాల్లో, రాపిడి తక్కువగా ఉంటుంది మరియు మీరు ఖాళీ ఆస్ఫాల్ట్ మీద ఉన్నట్లుగా మీరు డ్రైవ్ చేయలేరు.	మంచు మరియు మంచుతో ఉన్న రోడ్డు మార్గాల్లో రాపిడి తక్కువగా ఉంటుంది మరియు మీరు ఖాళీ ఆస్ఫాల్ట్ మీద ఉన్నట్లుగా మీరు డ్రైవ్ చేయలేరు
10158574978715178510.wav	Point Marion మరియు Fairmont మధ్య సాగిన Buffalo-Pittsburgh రహదారిలో చాలా సవాలుగా ఉండే డ్రైవింగ్ పరిస్థితులు ఉంటాయి, ఇది నిర్మాణుష్యమైన  backwoods భూభాగం గుండా వెళుతుంది.	point marion మరియు fairmont మధ్య సాగిన buffalo-pittsburgh రహదారిలో చాలా సవాలుగా ఉండే డ్రైవింగ్ పరిస్థితులు ఉంటాయి ఇది నిర్మాణుష్యమైన backwoods భూభాగం గుండా వెళుతుంది
7842763047568352759.wav	Point Marion మరియు Fairmont మధ్య సాగిన Buffalo-Pittsburgh రహదారిలో చాలా సవాలుగా ఉండే డ్రైవింగ్ పరిస్థితులు ఉంటాయి, ఇది నిర్మాణుష్యమైన  backwoods భూభాగం గుండా వెళుతుంది.	point marion మరియు fairmont మధ్య సాగిన buffalo-pittsburgh రహదారిలో చాలా సవాలుగా ఉండే డ్రైవింగ్ పరిస్థితులు ఉంటాయి ఇది నిర్మాణుష్యమైన backwoods భూభాగం గుండా వెళుతుంది
15776783213943684778.wav	జపాన్ లో, మొదటి చెర్రీ బ్లోసమ్ పార్టీలు చక్రవర్తి తనకు  ఇంపీరియల్ కోర్టు చుట్టూ ఉన్న కులీనుల యొక్క ఇతర సభ్యుల కోసం మాత్రమే ఆతిథ్యం ఇచ్చారు.	జపాన్ లో మొదటి చెర్రీ బ్లోసమ్ పార్టీలు చక్రవర్తి తనకు ఇంపీరియల్ కోర్టు చుట్టూ ఉన్న కులీనుల యొక్క ఇతర సభ్యుల కోసం మాత్రమే ఆతిథ్యం ఇచ్చారు
6622203650178611511.wav	జపాన్ లో, మొదటి చెర్రీ బ్లోసమ్ పార్టీలు చక్రవర్తి తనకు  ఇంపీరియల్ కోర్టు చుట్టూ ఉన్న కులీనుల యొక్క ఇతర సభ్యుల కోసం మాత్రమే ఆతిథ్యం ఇచ్చారు.	జపాన్ లో మొదటి చెర్రీ బ్లోసమ్ పార్టీలు చక్రవర్తి తనకు ఇంపీరియల్ కోర్టు చుట్టూ ఉన్న కులీనుల యొక్క ఇతర సభ్యుల కోసం మాత్రమే ఆతిథ్యం ఇచ్చారు
6830664627267835852.wav	ప్రకృతి శాస్త్రజ్ఞులూ, తత్వవేత్తలూ, సాంప్రదాయిక గ్రంథాలూ, ముఖ్యంగా లాటిన్ లో బైబిల్ మీద దృష్టి కేంద్రీకరించారు.	ప్రకృతి శాస్త్రజ్ఞులూ తత్వవేత్తలూ సాంప్రదాయిక గ్రంథాలూ ముఖ్యంగా లాటిన్ లో బైబిల్ మీద దృష్టి కేంద్రీకరించారు
3042448224984295687.wav	ప్రకృతి శాస్త్రజ్ఞులూ, తత్వవేత్తలూ, సాంప్రదాయిక గ్రంథాలూ, ముఖ్యంగా లాటిన్ లో బైబిల్ మీద దృష్టి కేంద్రీకరించారు.	ప్రకృతి శాస్త్రజ్ఞులూ తత్వవేత్తలూ సాంప్రదాయిక గ్రంథాలూ ముఖ్యంగా లాటిన్ లో బైబిల్ మీద దృష్టి కేంద్రీకరించారు
16886920930465366950.wav	ప్రకృతి శాస్త్రజ్ఞులూ, తత్వవేత్తలూ, సాంప్రదాయిక గ్రంథాలూ, ముఖ్యంగా లాటిన్ లో బైబిల్ మీద దృష్టి కేంద్రీకరించారు.	ప్రకృతి శాస్త్రజ్ఞులూ తత్వవేత్తలూ సాంప్రదాయిక గ్రంథాలూ ముఖ్యంగా లాటిన్ లో బైబిల్ మీద దృష్టి కేంద్రీకరించారు
3856418858447809583.wav	ఈ రహస్య గ్రామాన్ని చుట్టి రావడానికి ఒక అరగంట సమయం పడుతుంది.	ఈ రహస్య గ్రామాన్ని చుట్టి రావడానికి ఒక అరగంట సమయం పడుతుంది
11016331492251401172.wav	ఈ రహస్య గ్రామాన్ని చుట్టి రావడానికి ఒక అరగంట సమయం పడుతుంది.	ఈ రహస్య గ్రామాన్ని చుట్టి రావడానికి ఒక అరగంట సమయం పడుతుంది
18093291059981128231.wav	ఈ రహస్య గ్రామాన్ని చుట్టి రావడానికి ఒక అరగంట సమయం పడుతుంది.	ఈ రహస్య గ్రామాన్ని చుట్టి రావడానికి ఒక అరగంట సమయం పడుతుంది
4896524484207060663.wav	ఆర్థోడాక్స్  క్రిస్టియన్ మోల్డోవాలో ప్రధాన మతంగా ఉంది.	ఆర్థోడాక్స్ క్రిస్టియన్ మోల్డోవాలో ప్రధాన మతంగా ఉంది
10209202133724119060.wav	ఆర్థోడాక్స్  క్రిస్టియన్ మోల్డోవాలో ప్రధాన మతంగా ఉంది.	ఆర్థోడాక్స్ క్రిస్టియన్ మోల్డోవాలో ప్రధాన మతంగా ఉంది
257148930017249510.wav	ఆర్థోడాక్స్  క్రిస్టియన్ మోల్డోవాలో ప్రధాన మతంగా ఉంది.	ఆర్థోడాక్స్ క్రిస్టియన్ మోల్డోవాలో ప్రధాన మతంగా ఉంది
